n,k,seed,method,solved,time_s,plan_len,expanded,generated,bf_min,bf_max,bf_avg,max_frontier,max_closed,max_memory
3,5,0,astar_manhattan,True,0.000067,1,1,4,3,3,3.000000,3,1,4
3,5,0,fast_downward_lmcut,True,0.013246,1,2,3,,,,,,
3,5,1,astar_manhattan,True,0.000258,5,5,12,2,4,3.000000,7,5,12
3,5,1,fast_downward_lmcut,True,0.009807,5,6,15,,,,,,
3,5,2,astar_manhattan,True,0.000092,1,1,4,3,3,3.000000,3,1,4
3,5,2,fast_downward_lmcut,True,0.008042,1,2,3,,,,,,
3,5,3,astar_manhattan,True,0.000119,3,3,9,3,4,3.333333,6,3,9
3,5,3,fast_downward_lmcut,True,0.007636,3,4,10,,,,,,
3,5,4,astar_manhattan,True,0.000057,1,1,4,3,3,3.000000,3,1,4
3,5,4,fast_downward_lmcut,True,0.009316,1,2,3,,,,,,
3,5,5,astar_manhattan,True,0.000118,1,1,4,3,3,3.000000,3,1,4
3,5,5,fast_downward_lmcut,True,0.007583,1,2,3,,,,,,
3,5,6,astar_manhattan,True,0.000372,3,3,9,3,4,3.333333,6,3,9
3,5,6,fast_downward_lmcut,True,0.007263,3,4,10,,,,,,
3,5,7,astar_manhattan,True,0.000114,3,3,9,3,4,3.333333,6,3,9
3,5,7,fast_downward_lmcut,True,0.010341,3,4,10,,,,,,
3,5,8,astar_manhattan,True,0.000286,1,1,4,3,3,3.000000,3,1,4
3,5,8,fast_downward_lmcut,True,0.006005,1,2,3,,,,,,
3,5,9,astar_manhattan,True,0.000122,3,3,7,2,3,2.666667,4,3,7
3,5,9,fast_downward_lmcut,True,0.009645,3,4,8,,,,,,
3,5,10,astar_manhattan,True,0.000107,1,1,4,3,3,3.000000,3,1,4
3,5,10,fast_downward_lmcut,True,0.006699,1,2,3,,,,,,
3,5,11,astar_manhattan,True,0.000123,3,3,7,2,3,2.666667,4,3,7
3,5,11,fast_downward_lmcut,True,0.006378,3,4,8,,,,,,
3,5,12,astar_manhattan,True,0.000227,3,3,9,3,4,3.333333,6,3,9
3,5,12,fast_downward_lmcut,True,0.009043,3,4,10,,,,,,
3,5,13,astar_manhattan,True,0.000212,5,6,13,2,4,2.833333,7,6,13
3,5,13,fast_downward_lmcut,True,0.008009,5,6,15,,,,,,
3,5,14,astar_manhattan,True,0.000119,3,3,9,3,4,3.333333,6,3,9
3,5,14,fast_downward_lmcut,True,0.008733,3,4,10,,,,,,
3,5,15,astar_manhattan,True,0.000075,1,1,4,3,3,3.000000,3,1,4
3,5,15,fast_downward_lmcut,True,0.006058,1,2,3,,,,,,
3,5,16,astar_manhattan,True,0.000066,1,1,4,3,3,3.000000,3,1,4
3,5,16,fast_downward_lmcut,True,0.006086,1,2,3,,,,,,
3,5,17,astar_manhattan,True,0.000152,3,3,7,2,3,2.666667,4,3,7
3,5,17,fast_downward_lmcut,True,0.007097,3,4,8,,,,,,
3,5,18,astar_manhattan,True,0.000139,5,5,10,2,3,2.600000,5,5,10
3,5,18,fast_downward_lmcut,True,0.009761,5,6,13,,,,,,
3,5,19,astar_manhattan,True,0.000258,5,6,13,2,4,2.833333,7,6,13
3,5,19,fast_downward_lmcut,True,0.007474,5,6,15,,,,,,
3,10,0,astar_manhattan,True,0.000024,0,0,1,0,0,0.000000,1,0,1
3,10,0,fast_downward_lmcut,False,0.006587,0,1,0,,,,,,
3,10,1,astar_manhattan,True,0.000282,8,10,21,2,4,2.900000,11,10,21
3,10,1,fast_downward_lmcut,True,0.008185,8,9,24,,,,,,
3,10,2,astar_manhattan,True,0.000109,2,2,7,3,4,3.500000,5,2,7
3,10,2,fast_downward_lmcut,True,0.009549,2,3,7,,,,,,
3,10,3,astar_manhattan,True,0.000353,8,13,27,2,4,3.000000,14,13,27
3,10,3,fast_downward_lmcut,True,0.008271,8,9,24,,,,,,
3,10,4,astar_manhattan,True,0.000169,2,2,5,2,3,2.500000,3,2,5
3,10,4,fast_downward_lmcut,True,0.007833,2,3,5,,,,,,
3,10,5,astar_manhattan,True,0.000247,2,2,7,3,4,3.500000,5,2,7
3,10,5,fast_downward_lmcut,True,0.007219,2,3,7,,,,,,
3,10,6,astar_manhattan,True,0.000169,4,4,10,2,4,3.000000,6,4,10
3,10,6,fast_downward_lmcut,True,0.006737,4,5,12,,,,,,
3,10,7,astar_manhattan,True,0.000255,6,8,18,2,4,3.000000,10,8,18
3,10,7,fast_downward_lmcut,True,0.010017,6,7,19,,,,,,
3,10,8,astar_manhattan,True,0.000077,2,2,5,2,3,2.500000,3,2,5
3,10,8,fast_downward_lmcut,True,0.006754,2,3,5,,,,,,
3,10,9,astar_manhattan,True,0.000025,0,0,1,0,0,0.000000,1,0,1
3,10,9,fast_downward_lmcut,False,0.008332,0,1,0,,,,,,
3,10,10,astar_manhattan,True,0.000219,2,2,5,2,3,2.500000,3,2,5
3,10,10,fast_downward_lmcut,True,0.009348,2,3,5,,,,,,
3,10,11,astar_manhattan,True,0.000212,6,6,11,2,3,2.500000,5,6,11
3,10,11,fast_downward_lmcut,True,0.009652,6,7,15,,,,,,
3,10,12,astar_manhattan,True,0.000225,4,4,10,2,4,3.000000,6,4,10
3,10,12,fast_downward_lmcut,True,0.007440,4,5,12,,,,,,
3,10,13,astar_manhattan,True,0.000339,8,12,24,2,4,2.833333,12,12,24
3,10,13,fast_downward_lmcut,True,0.008092,8,9,22,,,,,,
3,10,14,astar_manhattan,True,0.000369,8,15,30,2,4,2.866667,15,15,30
3,10,14,fast_downward_lmcut,True,0.009582,8,11,29,,,,,,
3,10,15,astar_manhattan,True,0.000151,4,4,10,2,4,3.000000,6,4,10
3,10,15,fast_downward_lmcut,True,0.009266,4,5,12,,,,,,
3,10,16,astar_manhattan,True,0.000136,4,4,10,2,4,3.000000,6,4,10
3,10,16,fast_downward_lmcut,True,0.008100,4,5,12,,,,,,
3,10,17,astar_manhattan,True,0.000150,4,4,8,2,3,2.500000,4,4,8
3,10,17,fast_downward_lmcut,True,0.009486,4,5,10,,,,,,
3,10,18,astar_manhattan,True,0.000190,4,4,10,2,4,3.000000,6,4,10
3,10,18,fast_downward_lmcut,True,0.006973,4,5,12,,,,,,
3,10,19,astar_manhattan,True,0.000236,6,7,15,2,4,2.857143,8,7,15
3,10,19,fast_downward_lmcut,True,0.007803,6,7,17,,,,,,
3,15,0,astar_manhattan,True,0.000246,5,5,12,2,4,3.000000,7,5,12
3,15,0,fast_downward_lmcut,True,0.007898,5,6,15,,,,,,
3,15,1,astar_manhattan,True,0.000632,13,21,40,2,4,2.809524,19,21,40
3,15,1,fast_downward_lmcut,True,0.015523,13,17,47,,,,,,
3,15,2,astar_manhattan,True,0.000285,7,9,19,2,4,2.888889,10,9,19
3,15,2,fast_downward_lmcut,True,0.008046,7,8,20,,,,,,
3,15,3,astar_manhattan,True,0.000666,7,12,26,2,4,3.083333,14,12,26
3,15,3,fast_downward_lmcut,True,0.008253,7,8,22,,,,,,
3,15,4,astar_manhattan,True,0.000409,5,5,12,2,4,3.000000,7,5,12
3,15,4,fast_downward_lmcut,True,0.007154,5,6,15,,,,,,
3,15,5,astar_manhattan,True,0.000056,1,1,4,3,3,3.000000,3,1,4
3,15,5,fast_downward_lmcut,True,0.006166,1,2,3,,,,,,
3,15,6,astar_manhattan,True,0.000243,7,8,18,2,4,3.000000,10,8,18
3,15,6,fast_downward_lmcut,True,0.008315,7,8,22,,,,,,
3,15,7,astar_manhattan,True,0.000293,7,9,20,2,4,3.000000,11,9,20
3,15,7,fast_downward_lmcut,True,0.009151,7,8,22,,,,,,
3,15,8,astar_manhattan,True,0.000146,1,1,4,3,3,3.000000,3,1,4
3,15,8,fast_downward_lmcut,True,0.007262,1,2,3,,,,,,
3,15,9,astar_manhattan,True,0.000079,1,1,4,3,3,3.000000,3,1,4
3,15,9,fast_downward_lmcut,True,0.006384,1,2,3,,,,,,
3,15,10,astar_manhattan,True,0.000151,5,5,10,2,3,2.600000,5,5,10
3,15,10,fast_downward_lmcut,True,0.009285,5,6,13,,,,,,
3,15,11,astar_manhattan,True,0.000120,3,3,7,2,3,2.666667,4,3,7
3,15,11,fast_downward_lmcut,True,0.006723,3,4,8,,,,,,
3,15,12,astar_manhattan,True,0.000130,3,3,9,3,4,3.333333,6,3,9
3,15,12,fast_downward_lmcut,True,0.006845,3,4,10,,,,,,
3,15,13,astar_manhattan,True,0.000450,9,18,33,2,4,2.722222,15,18,33
3,15,13,fast_downward_lmcut,True,0.010854,9,12,32,,,,,,
3,15,14,astar_manhattan,True,0.002544,11,46,80,2,4,2.739130,34,46,80
3,15,14,fast_downward_lmcut,True,0.011156,11,34,92,,,,,,
3,15,15,astar_manhattan,True,0.000110,3,3,9,3,4,3.333333,6,3,9
3,15,15,fast_downward_lmcut,True,0.007387,3,4,10,,,,,,
3,15,16,astar_manhattan,True,0.000270,7,9,20,2,4,3.000000,11,9,20
3,15,16,fast_downward_lmcut,True,0.011044,7,9,25,,,,,,
3,15,17,astar_manhattan,True,0.000399,5,5,10,2,3,2.600000,5,5,10
3,15,17,fast_downward_lmcut,True,0.007616,5,6,13,,,,,,
3,15,18,astar_manhattan,True,0.000360,9,16,31,2,4,2.812500,15,16,31
3,15,18,fast_downward_lmcut,True,0.007750,9,10,25,,,,,,
3,15,19,astar_manhattan,True,0.000458,9,13,25,2,4,2.769231,12,13,25
3,15,19,fast_downward_lmcut,True,0.009334,9,10,27,,,,,,
3,20,0,astar_manhattan,True,0.000339,10,12,24,2,4,2.833333,12,12,24
3,20,0,fast_downward_lmcut,True,0.011003,10,11,27,,,,,,
3,20,1,astar_manhattan,True,0.000527,14,22,41,2,4,2.772727,19,22,41
3,20,1,fast_downward_lmcut,True,0.010829,14,18,49,,,,,,
3,20,2,astar_manhattan,True,0.000260,6,7,15,2,4,2.857143,8,7,15
3,20,2,fast_downward_lmcut,True,0.009312,6,7,17,,,,,,
3,20,3,astar_manhattan,True,0.000411,8,13,27,2,4,3.000000,14,13,27
3,20,3,fast_downward_lmcut,True,0.011806,8,9,24,,,,,,
3,20,4,astar_manhattan,True,0.000383,8,8,16,2,4,2.750000,8,8,16
3,20,4,fast_downward_lmcut,True,0.011161,8,9,22,,,,,,
3,20,5,astar_manhattan,True,0.000250,4,4,10,2,4,3.000000,6,4,10
3,20,5,fast_downward_lmcut,True,0.006909,4,5,12,,,,,,
3,20,6,astar_manhattan,True,0.000391,6,7,16,2,4,3.000000,9,7,16
3,20,6,fast_downward_lmcut,True,0.009761,6,7,19,,,,,,
3,20,7,astar_manhattan,True,0.000368,8,10,21,2,4,2.900000,11,10,21
3,20,7,fast_downward_lmcut,True,0.008716,8,9,24,,,,,,
3,20,8,astar_manhattan,True,0.000089,2,2,5,2,3,2.500000,3,2,5
3,20,8,fast_downward_lmcut,True,0.007318,2,3,5,,,,,,
3,20,9,astar_manhattan,True,0.000211,4,4,10,2,4,3.000000,6,4,10
3,20,9,fast_downward_lmcut,True,0.009698,4,5,12,,,,,,
3,20,10,astar_manhattan,True,0.000280,6,7,14,2,4,2.714286,7,7,14
3,20,10,fast_downward_lmcut,True,0.008128,6,7,17,,,,,,
3,20,11,astar_manhattan,True,0.000127,4,4,10,2,4,3.000000,6,4,10
3,20,11,fast_downward_lmcut,True,0.007421,4,5,12,,,,,,
3,20,12,astar_manhattan,True,0.000324,8,12,24,2,4,2.833333,12,12,24
3,20,12,fast_downward_lmcut,True,0.009752,8,11,29,,,,,,
3,20,13,astar_manhattan,True,0.000184,6,7,15,2,4,2.857143,8,7,15
3,20,13,fast_downward_lmcut,True,0.007953,6,8,20,,,,,,
3,20,14,astar_manhattan,True,0.000772,10,31,57,2,4,2.838710,26,31,57
3,20,14,fast_downward_lmcut,True,0.014198,10,28,76,,,,,,
3,20,15,astar_manhattan,True,0.000137,4,4,10,2,4,3.000000,6,4,10
3,20,15,fast_downward_lmcut,True,0.010032,4,5,12,,,,,,
3,20,16,astar_manhattan,True,0.000641,12,27,50,2,4,2.777778,23,27,50
3,20,16,fast_downward_lmcut,True,0.013219,12,19,52,,,,,,
3,20,17,astar_manhattan,True,0.000518,6,6,13,2,4,2.833333,7,6,13
3,20,17,fast_downward_lmcut,True,0.009491,6,7,17,,,,,,
3,20,18,astar_manhattan,True,0.000414,10,19,37,2,4,2.842105,18,19,37
3,20,18,fast_downward_lmcut,True,0.010419,10,11,27,,,,,,
3,20,19,astar_manhattan,True,0.000542,8,9,19,2,4,2.888889,10,9,19
3,20,19,fast_downward_lmcut,True,0.009460,8,9,24,,,,,,
3,25,0,astar_manhattan,True,0.000749,11,17,31,2,4,2.705882,14,17,31
3,25,0,fast_downward_lmcut,True,0.009385,11,14,37,,,,,,
3,25,1,astar_manhattan,True,0.004405,19,127,211,2,4,2.692913,84,127,211
3,25,1,fast_downward_lmcut,True,0.025064,19,87,241,,,,,,
3,25,2,astar_manhattan,True,0.000579,9,21,40,2,4,2.809524,19,21,40
3,25,2,fast_downward_lmcut,True,0.009314,9,13,35,,,,,,
3,25,3,astar_manhattan,True,0.000665,11,33,59,2,4,2.939394,26,33,59
3,25,3,fast_downward_lmcut,True,0.012291,11,12,34,,,,,,
3,25,4,astar_manhattan,True,0.000267,9,12,22,2,4,2.666667,10,12,22
3,25,4,fast_downward_lmcut,True,0.008011,9,10,25,,,,,,
3,25,5,astar_manhattan,True,0.000483,9,21,39,2,4,2.761905,18,21,39
3,25,5,fast_downward_lmcut,True,0.008179,9,13,34,,,,,,
3,25,6,astar_manhattan,True,0.000583,7,14,26,2,4,2.857143,12,14,26
3,25,6,fast_downward_lmcut,True,0.008903,7,8,20,,,,,,
3,25,7,astar_manhattan,True,0.000434,7,9,20,2,4,3.000000,11,9,20
3,25,7,fast_downward_lmcut,True,0.008287,7,8,22,,,,,,
3,25,8,astar_manhattan,True,0.000159,5,5,10,2,3,2.600000,5,5,10
3,25,8,fast_downward_lmcut,True,0.009518,5,6,13,,,,,,
3,25,9,astar_manhattan,True,0.000180,5,5,12,2,4,3.000000,7,5,12
3,25,9,fast_downward_lmcut,True,0.008290,5,6,15,,,,,,
3,25,10,astar_manhattan,True,0.000335,7,14,26,2,4,2.857143,13,14,26
3,25,10,fast_downward_lmcut,True,0.008313,7,8,22,,,,,,
3,25,11,astar_manhattan,True,0.000211,7,7,15,2,4,2.857143,8,7,15
3,25,11,fast_downward_lmcut,True,0.008308,7,8,20,,,,,,
3,25,12,astar_manhattan,True,0.000291,7,7,15,2,4,2.857143,8,7,15
3,25,12,fast_downward_lmcut,True,0.008087,7,8,20,,,,,,
3,25,13,astar_manhattan,True,0.000396,9,16,31,2,4,2.812500,15,16,31
3,25,13,fast_downward_lmcut,True,0.008116,9,10,25,,,,,,
3,25,14,astar_manhattan,True,0.000401,9,19,36,2,4,2.894737,18,19,36
3,25,14,fast_downward_lmcut,True,0.008685,9,10,27,,,,,,
3,25,15,astar_manhattan,True,0.000124,3,3,9,3,4,3.333333,6,3,9
3,25,15,fast_downward_lmcut,True,0.009566,3,4,10,,,,,,
3,25,16,astar_manhattan,True,0.001092,13,35,64,2,4,2.771429,29,35,64
3,25,16,fast_downward_lmcut,True,0.009931,13,21,57,,,,,,
3,25,17,astar_manhattan,True,0.000376,9,15,28,2,4,2.733333,13,15,28
3,25,17,fast_downward_lmcut,True,0.008119,9,10,25,,,,,,
3,25,18,astar_manhattan,True,0.000412,9,16,31,2,4,2.812500,15,16,31
3,25,18,fast_downward_lmcut,True,0.008610,9,10,25,,,,,,
3,25,19,astar_manhattan,True,0.000247,9,10,21,2,4,2.900000,11,10,21
3,25,19,fast_downward_lmcut,True,0.009432,9,11,29,,,,,,
3,30,0,astar_manhattan,True,0.003148,14,98,163,2,4,2.683673,65,98,163
3,30,0,fast_downward_lmcut,True,0.017572,14,74,195,,,,,,
3,30,1,astar_manhattan,True,0.019107,22,773,1232,2,4,2.659767,454,773,1227
3,30,1,fast_downward_lmcut,True,0.065570,22,403,1084,,,,,,
3,30,2,astar_manhattan,True,0.000842,12,33,59,2,4,2.727273,26,33,59
3,30,2,fast_downward_lmcut,True,0.012031,12,21,56,,,,,,
3,30,3,astar_manhattan,True,0.001188,14,45,78,2,4,2.844444,33,45,78
3,30,3,fast_downward_lmcut,True,0.010283,14,20,55,,,,,,
3,30,4,astar_manhattan,True,0.000234,8,8,16,2,4,2.750000,8,8,16
3,30,4,fast_downward_lmcut,True,0.009098,8,9,22,,,,,,
3,30,5,astar_manhattan,True,0.002264,12,78,132,2,4,2.730769,54,78,132
3,30,5,fast_downward_lmcut,True,0.017375,12,44,121,,,,,,
3,30,6,astar_manhattan,True,0.000374,8,15,27,2,4,2.800000,12,15,27
3,30,6,fast_downward_lmcut,True,0.008282,8,9,22,,,,,,
3,30,7,astar_manhattan,True,0.000240,8,10,21,2,4,2.900000,11,10,21
3,30,7,fast_downward_lmcut,True,0.008849,8,9,24,,,,,,
3,30,8,astar_manhattan,True,0.000150,6,6,11,2,3,2.500000,5,6,11
3,30,8,fast_downward_lmcut,True,0.008273,6,7,15,,,,,,
3,30,9,astar_manhattan,True,0.000503,8,11,23,2,4,2.909091,12,11,23
3,30,9,fast_downward_lmcut,True,0.009617,8,10,27,,,,,,
3,30,10,astar_manhattan,True,0.000836,10,20,36,2,4,2.800000,17,20,36
3,30,10,fast_downward_lmcut,True,0.012329,10,11,31,,,,,,
3,30,11,astar_manhattan,True,0.000318,10,14,27,2,4,2.785714,13,14,27
3,30,11,fast_downward_lmcut,True,0.014713,10,11,29,,,,,,
3,30,12,astar_manhattan,True,0.001786,10,28,52,2,4,2.785714,24,28,52
3,30,12,fast_downward_lmcut,True,0.009544,10,25,68,,,,,,
3,30,13,astar_manhattan,True,0.001779,12,44,80,2,4,2.818182,36,44,80
3,30,13,fast_downward_lmcut,True,0.010453,12,27,71,,,,,,
3,30,14,astar_manhattan,True,0.000356,8,11,23,2,4,2.909091,12,11,23
3,30,14,fast_downward_lmcut,True,0.007960,8,9,24,,,,,,
3,30,15,astar_manhattan,True,0.000066,2,2,5,2,3,2.500000,3,2,5
3,30,15,fast_downward_lmcut,True,0.008058,2,3,5,,,,,,
3,30,16,astar_manhattan,True,0.001933,14,43,77,2,4,2.744186,34,43,77
3,30,16,fast_downward_lmcut,True,0.011552,14,25,67,,,,,,
3,30,17,astar_manhattan,True,0.000601,10,29,51,2,4,2.689655,22,29,51
3,30,17,fast_downward_lmcut,True,0.009854,10,23,62,,,,,,
3,30,18,astar_manhattan,True,0.000492,10,25,45,2,4,2.720000,20,25,45
3,30,18,fast_downward_lmcut,True,0.009752,10,13,34,,,,,,
3,30,19,astar_manhattan,True,0.000273,8,10,21,2,4,2.900000,11,10,21
3,30,19,fast_downward_lmcut,True,0.008562,8,9,24,,,,,,
3,35,0,astar_manhattan,True,0.007451,17,263,420,2,4,2.661597,156,263,419
3,35,0,fast_downward_lmcut,True,0.033380,17,143,391,,,,,,
3,35,1,astar_manhattan,True,0.025512,21,688,1113,2,4,2.681686,421,688,1109
3,35,1,fast_downward_lmcut,True,0.062070,21,353,949,,,,,,
3,35,2,astar_manhattan,True,0.002211,13,51,92,2,4,2.784314,41,51,92
3,35,2,fast_downward_lmcut,True,0.012492,13,29,78,,,,,,
3,35,3,astar_manhattan,True,0.004186,15,72,124,2,4,2.791667,52,72,124
3,35,3,fast_downward_lmcut,True,0.012976,15,31,86,,,,,,
3,35,4,astar_manhattan,True,0.000336,11,15,28,2,4,2.733333,13,15,28
3,35,4,fast_downward_lmcut,True,0.010163,11,12,32,,,,,,
3,35,5,astar_manhattan,True,0.003174,13,108,177,2,4,2.675926,69,108,177
3,35,5,fast_downward_lmcut,True,0.014744,13,64,173,,,,,,
3,35,6,astar_manhattan,True,0.000388,11,18,32,2,4,2.777778,14,18,32
3,35,6,fast_downward_lmcut,True,0.009965,11,12,30,,,,,,
3,35,7,astar_manhattan,True,0.000738,11,33,59,2,4,2.939394,26,33,59
3,35,7,fast_downward_lmcut,True,0.011900,11,12,34,,,,,,
3,35,8,astar_manhattan,True,0.000375,9,12,22,2,4,2.666667,10,12,22
3,35,8,fast_downward_lmcut,True,0.008744,9,10,25,,,,,,
3,35,9,astar_manhattan,True,0.000824,11,25,44,2,4,2.720000,19,25,44
3,35,9,fast_downward_lmcut,True,0.011211,11,18,49,,,,,,
3,35,10,astar_manhattan,True,0.000199,5,6,13,2,4,2.833333,7,6,13
3,35,10,fast_downward_lmcut,True,0.008793,5,6,15,,,,,,
3,35,11,astar_manhattan,True,0.001182,13,23,42,2,4,2.739130,19,23,42
3,35,11,fast_downward_lmcut,True,0.013020,13,17,46,,,,,,
3,35,12,astar_manhattan,True,0.001473,11,41,74,2,4,2.756098,33,41,74
3,35,12,fast_downward_lmcut,True,0.011100,11,33,89,,,,,,
3,35,13,astar_manhattan,True,0.002714,13,75,132,2,4,2.760000,57,75,132
3,35,13,fast_downward_lmcut,True,0.011602,13,41,110,,,,,,
3,35,14,astar_manhattan,True,0.000955,11,25,48,2,4,2.920000,24,25,48
3,35,14,fast_downward_lmcut,True,0.009311,11,13,34,,,,,,
3,35,15,astar_manhattan,True,0.000322,5,6,13,2,4,2.833333,7,6,13
3,35,15,fast_downward_lmcut,True,0.009093,5,6,15,,,,,,
3,35,16,astar_manhattan,True,0.001077,13,35,64,2,4,2.771429,29,35,64
3,35,16,fast_downward_lmcut,True,0.012445,13,21,57,,,,,,
3,35,17,astar_manhattan,True,0.001116,11,39,66,2,4,2.666667,27,39,66
3,35,17,fast_downward_lmcut,True,0.015147,11,31,81,,,,,,
3,35,18,astar_manhattan,True,0.000365,7,11,22,2,4,2.818182,11,11,22
3,35,18,fast_downward_lmcut,True,0.008070,7,8,20,,,,,,
3,35,19,astar_manhattan,True,0.000236,7,9,20,2,4,3.000000,11,9,20
3,35,19,fast_downward_lmcut,True,0.009410,7,8,22,,,,,,
3,40,0,astar_manhattan,True,0.006669,16,205,331,2,4,2.673171,126,205,331
3,40,0,fast_downward_lmcut,True,0.024039,16,103,277,,,,,,
3,40,1,astar_manhattan,True,0.023903,22,904,1438,2,4,2.675885,530,904,1434
3,40,1,fast_downward_lmcut,True,0.080862,22,504,1364,,,,,,
3,40,2,astar_manhattan,True,0.009685,18,273,454,2,4,2.714286,181,273,454
3,40,2,fast_downward_lmcut,True,0.032526,18,151,410,,,,,,
3,40,3,astar_manhattan,True,0.004939,16,123,208,2,4,2.756098,85,123,208
3,40,3,fast_downward_lmcut,True,0.026780,16,76,210,,,,,,
3,40,4,astar_manhattan,True,0.000877,12,15,28,2,4,2.733333,13,15,28
3,40,4,fast_downward_lmcut,True,0.011114,12,13,34,,,,,,
3,40,5,astar_manhattan,True,0.002539,12,78,132,2,4,2.730769,54,78,132
3,40,5,fast_downward_lmcut,True,0.013723,12,44,121,,,,,,
3,40,6,astar_manhattan,True,0.000559,12,29,51,2,4,2.758621,22,29,51
3,40,6,fast_downward_lmcut,True,0.013926,12,19,50,,,,,,
3,40,7,astar_manhattan,True,0.001801,14,45,78,2,4,2.844444,33,45,78
3,40,7,fast_downward_lmcut,True,0.010596,14,20,55,,,,,,
3,40,8,astar_manhattan,True,0.005138,14,82,142,2,4,2.719512,60,82,142
3,40,8,fast_downward_lmcut,True,0.018193,14,54,145,,,,,,
3,40,9,astar_manhattan,True,0.001414,10,16,31,2,4,2.812500,15,16,31
3,40,9,fast_downward_lmcut,True,0.009200,10,13,34,,,,,,
3,40,10,astar_manhattan,True,0.000195,4,4,10,2,4,3.000000,6,4,10
3,40,10,fast_downward_lmcut,True,0.007499,4,5,12,,,,,,
3,40,11,astar_manhattan,True,0.002596,16,72,122,2,4,2.694444,50,72,122
3,40,11,fast_downward_lmcut,True,0.016315,16,45,122,,,,,,
3,40,12,astar_manhattan,True,0.007226,16,159,260,2,4,2.685535,101,159,260
3,40,12,fast_downward_lmcut,True,0.022270,16,97,260,,,,,,
3,40,13,astar_manhattan,True,0.005195,14,85,149,2,4,2.752941,64,85,149
3,40,13,fast_downward_lmcut,True,0.013651,14,47,127,,,,,,
3,40,14,astar_manhattan,True,0.002732,14,73,129,2,4,2.780822,57,73,129
3,40,14,fast_downward_lmcut,True,0.015415,14,35,95,,,,,,
3,40,15,astar_manhattan,True,0.000204,8,8,16,2,4,2.750000,8,8,16
3,40,15,fast_downward_lmcut,True,0.010249,8,9,22,,,,,,
3,40,16,astar_manhattan,True,0.002976,14,48,83,2,4,2.708333,35,48,83
3,40,16,fast_downward_lmcut,True,0.011549,14,32,86,,,,,,
3,40,17,astar_manhattan,True,0.001987,12,32,55,2,4,2.656250,23,32,55
3,40,17,fast_downward_lmcut,True,0.010508,12,23,62,,,,,,
3,40,18,astar_manhattan,True,0.001131,8,15,29,2,4,2.800000,14,15,29
3,40,18,fast_downward_lmcut,True,0.008726,8,10,27,,,,,,
3,40,19,astar_manhattan,True,0.000420,8,10,21,2,4,2.900000,11,10,21
3,40,19,fast_downward_lmcut,True,0.009984,8,9,24,,,,,,
4,5,0,astar_manhattan,True,0.000398,3,3,9,3,4,3.333333,6,3,9
4,5,0,fast_downward_lmcut,True,0.013185,3,4,10,,,,,,
4,5,1,astar_manhattan,True,0.000602,5,5,15,3,4,3.600000,10,5,15
4,5,1,fast_downward_lmcut,True,0.021060,5,6,18,,,,,,
4,5,2,astar_manhattan,True,0.000674,5,5,12,2,4,3.000000,7,5,12
4,5,2,fast_downward_lmcut,True,0.014698,5,6,15,,,,,,
4,5,3,astar_manhattan,True,0.000323,3,3,9,3,4,3.333333,6,3,9
4,5,3,fast_downward_lmcut,True,0.014146,3,4,10,,,,,,
4,5,4,astar_manhattan,True,0.000119,1,1,4,3,3,3.000000,3,1,4
4,5,4,fast_downward_lmcut,True,0.010638,1,2,3,,,,,,
4,5,5,astar_manhattan,True,0.000123,1,1,4,3,3,3.000000,3,1,4
4,5,5,fast_downward_lmcut,True,0.010641,1,2,3,,,,,,
4,5,6,astar_manhattan,True,0.000639,3,3,10,3,4,3.666667,7,3,10
4,5,6,fast_downward_lmcut,True,0.015951,3,4,11,,,,,,
4,5,7,astar_manhattan,True,0.000436,3,3,10,3,4,3.666667,7,3,10
4,5,7,fast_downward_lmcut,True,0.012137,3,4,11,,,,,,
4,5,8,astar_manhattan,True,0.000123,1,1,4,3,3,3.000000,3,1,4
4,5,8,fast_downward_lmcut,True,0.012238,1,2,3,,,,,,
4,5,9,astar_manhattan,True,0.000355,3,3,9,3,4,3.333333,6,3,9
4,5,9,fast_downward_lmcut,True,0.012470,3,4,10,,,,,,
4,5,10,astar_manhattan,True,0.000185,1,1,4,3,3,3.000000,3,1,4
4,5,10,fast_downward_lmcut,True,0.013493,1,2,3,,,,,,
4,5,11,astar_manhattan,True,0.000146,1,1,4,3,3,3.000000,3,1,4
4,5,11,fast_downward_lmcut,True,0.011644,1,2,3,,,,,,
4,5,12,astar_manhattan,True,0.000164,1,1,4,3,3,3.000000,3,1,4
4,5,12,fast_downward_lmcut,True,0.016076,1,2,3,,,,,,
4,5,13,astar_manhattan,True,0.000162,1,1,4,3,3,3.000000,3,1,4
4,5,13,fast_downward_lmcut,True,0.013521,1,2,3,,,,,,
4,5,14,astar_manhattan,True,0.000291,3,3,9,3,4,3.333333,6,3,9
4,5,14,fast_downward_lmcut,True,0.012727,3,4,10,,,,,,
4,5,15,astar_manhattan,True,0.000412,3,3,9,3,4,3.333333,6,3,9
4,5,15,fast_downward_lmcut,True,0.018218,3,4,10,,,,,,
4,5,16,astar_manhattan,True,0.000368,3,3,7,2,3,2.666667,4,3,7
4,5,16,fast_downward_lmcut,True,0.017437,3,4,8,,,,,,
4,5,17,astar_manhattan,True,0.000158,3,3,9,3,4,3.333333,6,3,9
4,5,17,fast_downward_lmcut,True,0.013964,3,4,10,,,,,,
4,5,18,astar_manhattan,True,0.000160,1,1,4,3,3,3.000000,3,1,4
4,5,18,fast_downward_lmcut,True,0.016701,1,2,3,,,,,,
4,5,19,astar_manhattan,True,0.000248,1,1,4,3,3,3.000000,3,1,4
4,5,19,fast_downward_lmcut,True,0.015352,1,2,3,,,,,,
4,10,0,astar_manhattan,True,0.001064,8,8,19,2,4,3.125000,11,8,19
4,10,0,fast_downward_lmcut,True,0.015313,8,9,25,,,,,,
4,10,1,astar_manhattan,True,0.000479,4,4,13,3,4,3.750000,9,4,13
4,10,1,fast_downward_lmcut,True,0.013205,4,5,15,,,,,,
4,10,2,astar_manhattan,True,0.000523,6,6,15,2,4,3.166667,9,6,15
4,10,2,fast_downward_lmcut,True,0.013923,6,7,19,,,,,,
4,10,3,astar_manhattan,True,0.000950,6,11,24,2,4,3.090909,13,11,24
4,10,3,fast_downward_lmcut,True,0.013769,6,7,19,,,,,,
4,10,4,astar_manhattan,True,0.000135,2,2,6,3,3,3.000000,4,2,6
4,10,4,fast_downward_lmcut,True,0.011747,2,3,6,,,,,,
4,10,5,astar_manhattan,True,0.000413,2,2,7,3,4,3.500000,5,2,7
4,10,5,fast_downward_lmcut,True,0.015697,2,3,7,,,,,,
4,10,6,astar_manhattan,True,0.000546,4,4,12,3,4,3.500000,8,4,12
4,10,6,fast_downward_lmcut,True,0.014360,4,5,14,,,,,,
4,10,7,astar_manhattan,True,0.000983,8,10,23,2,4,3.100000,13,10,23
4,10,7,fast_downward_lmcut,True,0.022220,8,10,29,,,,,,
4,10,8,astar_manhattan,True,0.000305,2,2,6,3,3,3.000000,4,2,6
4,10,8,fast_downward_lmcut,True,0.017237,2,3,6,,,,,,
4,10,9,astar_manhattan,True,0.000191,2,2,7,3,4,3.500000,5,2,7
4,10,9,fast_downward_lmcut,True,0.012736,2,3,7,,,,,,
4,10,10,astar_manhattan,True,0.000042,0,0,1,0,0,0.000000,1,0,1
4,10,10,fast_downward_lmcut,False,0.014517,0,1,0,,,,,,
4,10,11,astar_manhattan,True,0.000212,2,2,6,3,3,3.000000,4,2,6
4,10,11,fast_downward_lmcut,True,0.016764,2,3,6,,,,,,
4,10,12,astar_manhattan,True,0.000339,4,4,10,2,4,3.000000,6,4,10
4,10,12,fast_downward_lmcut,True,0.017883,4,5,12,,,,,,
4,10,13,astar_manhattan,True,0.000233,6,6,14,2,4,3.000000,8,6,14
4,10,13,fast_downward_lmcut,True,0.017642,6,7,18,,,,,,
4,10,14,astar_manhattan,True,0.000582,8,10,23,2,4,3.100000,13,10,23
4,10,14,fast_downward_lmcut,True,0.019537,8,10,29,,,,,,
4,10,15,astar_manhattan,True,0.000645,6,8,17,2,4,2.875000,9,8,17
4,10,15,fast_downward_lmcut,True,0.019733,6,7,18,,,,,,
4,10,16,astar_manhattan,True,0.000406,2,2,6,3,3,3.000000,4,2,6
4,10,16,fast_downward_lmcut,True,0.013656,2,3,6,,,,,,
4,10,17,astar_manhattan,True,0.000570,4,4,11,3,4,3.250000,7,4,11
4,10,17,fast_downward_lmcut,True,0.013677,4,5,13,,,,,,
4,10,18,astar_manhattan,True,0.000165,4,4,9,2,3,2.750000,5,4,9
4,10,18,fast_downward_lmcut,True,0.015303,4,5,11,,,,,,
4,10,19,astar_manhattan,True,0.000366,2,2,7,3,4,3.500000,5,2,7
4,10,19,fast_downward_lmcut,True,0.013897,2,3,7,,,,,,
4,15,0,astar_manhattan,True,0.001010,9,9,22,2,4,3.222222,13,9,22
4,15,0,fast_downward_lmcut,True,0.024129,9,10,29,,,,,,
4,15,1,astar_manhattan,True,0.000717,9,9,21,2,4,3.111111,12,9,21
4,15,1,fast_downward_lmcut,True,0.015487,9,10,28,,,,,,
4,15,2,astar_manhattan,True,0.000885,7,7,18,2,4,3.285714,11,7,18
4,15,2,fast_downward_lmcut,True,0.015265,7,8,23,,,,,,
4,15,3,astar_manhattan,True,0.001727,11,26,55,2,4,3.076923,29,26,55
4,15,3,fast_downward_lmcut,True,0.021033,11,17,52,,,,,,
4,15,4,astar_manhattan,True,0.000387,3,3,10,3,4,3.666667,7,3,10
4,15,4,fast_downward_lmcut,True,0.013100,3,4,11,,,,,,
4,15,5,astar_manhattan,True,0.000160,1,1,4,3,3,3.000000,3,1,4
4,15,5,fast_downward_lmcut,True,0.017766,1,2,3,,,,,,
4,15,6,astar_manhattan,True,0.000270,3,3,10,3,4,3.666667,7,3,10
4,15,6,fast_downward_lmcut,True,0.017840,3,4,11,,,,,,
4,15,7,astar_manhattan,True,0.001420,11,13,30,2,4,3.153846,17,13,30
4,15,7,fast_downward_lmcut,True,0.025064,11,13,39,,,,,,
4,15,8,astar_manhattan,True,0.000473,3,3,9,3,4,3.333333,6,3,9
4,15,8,fast_downward_lmcut,True,0.011640,3,4,10,,,,,,
4,15,9,astar_manhattan,True,0.000411,5,5,15,3,4,3.600000,10,5,15
4,15,9,fast_downward_lmcut,True,0.015137,5,6,18,,,,,,
4,15,10,astar_manhattan,True,0.000238,1,1,4,3,3,3.000000,3,1,4
4,15,10,fast_downward_lmcut,True,0.011225,1,2,3,,,,,,
4,15,11,astar_manhattan,True,0.000186,1,1,4,3,3,3.000000,3,1,4
4,15,11,fast_downward_lmcut,True,0.014815,1,2,3,,,,,,
4,15,12,astar_manhattan,True,0.000239,3,3,9,3,4,3.333333,6,3,9
4,15,12,fast_downward_lmcut,True,0.017844,3,4,10,,,,,,
4,15,13,astar_manhattan,True,0.001693,9,16,37,2,4,3.187500,21,16,37
4,15,13,fast_downward_lmcut,True,0.019299,9,12,34,,,,,,
4,15,14,astar_manhattan,True,0.001217,9,12,27,2,4,3.083333,15,12,27
4,15,14,fast_downward_lmcut,True,0.016554,9,10,29,,,,,,
4,15,15,astar_manhattan,True,0.001141,9,11,25,2,4,3.090909,14,11,25
4,15,15,fast_downward_lmcut,True,0.019522,9,10,29,,,,,,
4,15,16,astar_manhattan,True,0.000765,5,5,12,2,4,3.000000,7,5,12
4,15,16,fast_downward_lmcut,True,0.013112,5,6,15,,,,,,
4,15,17,astar_manhattan,True,0.000350,3,3,9,3,4,3.333333,6,3,9
4,15,17,fast_downward_lmcut,True,0.011670,3,4,10,,,,,,
4,15,18,astar_manhattan,True,0.002341,9,19,42,2,4,3.105263,23,19,42
4,15,18,fast_downward_lmcut,True,0.025149,9,13,37,,,,,,
4,15,19,astar_manhattan,True,0.000868,7,7,18,2,4,3.285714,11,7,18
4,15,19,fast_downward_lmcut,True,0.014703,7,8,23,,,,,,
4,20,0,astar_manhattan,True,0.001220,10,10,24,2,4,3.200000,14,10,24
4,20,0,fast_downward_lmcut,True,0.022033,10,11,32,,,,,,
4,20,1,astar_manhattan,True,0.000912,10,10,25,2,4,3.300000,15,10,25
4,20,1,fast_downward_lmcut,True,0.023774,10,11,33,,,,,,
4,20,2,astar_manhattan,True,0.000816,8,8,18,2,4,3.000000,10,8,18
4,20,2,fast_downward_lmcut,True,0.021264,8,9,24,,,,,,
4,20,3,astar_manhattan,True,0.002934,10,22,47,2,4,3.090909,25,22,47
4,20,3,fast_downward_lmcut,True,0.025565,10,15,44,,,,,,
4,20,4,astar_manhattan,True,0.000536,4,4,12,3,4,3.500000,8,4,12
4,20,4,fast_downward_lmcut,True,0.018758,4,5,14,,,,,,
4,20,5,astar_manhattan,True,0.000359,2,2,7,3,4,3.500000,5,2,7
4,20,5,fast_downward_lmcut,True,0.017524,2,3,7,,,,,,
4,20,6,astar_manhattan,True,0.000549,4,4,13,3,4,3.750000,9,4,13
4,20,6,fast_downward_lmcut,True,0.018934,4,5,15,,,,,,
4,20,7,astar_manhattan,True,0.001716,14,16,36,2,4,3.125000,20,16,36
4,20,7,fast_downward_lmcut,True,0.023278,14,20,60,,,,,,
4,20,8,astar_manhattan,True,0.000235,2,2,6,3,3,3.000000,4,2,6
4,20,8,fast_downward_lmcut,True,0.012885,2,3,6,,,,,,
4,20,9,astar_manhattan,True,0.000266,4,4,12,3,4,3.500000,8,4,12
4,20,9,fast_downward_lmcut,True,0.014216,4,5,14,,,,,,
4,20,10,astar_manhattan,True,0.000763,6,8,17,2,4,2.875000,9,8,17
4,20,10,fast_downward_lmcut,True,0.018270,6,7,18,,,,,,
4,20,11,astar_manhattan,True,0.000170,2,2,6,3,3,3.000000,4,2,6
4,20,11,fast_downward_lmcut,True,0.017763,2,3,6,,,,,,
4,20,12,astar_manhattan,True,0.000466,4,4,10,2,4,3.000000,6,4,10
4,20,12,fast_downward_lmcut,True,0.011734,4,5,12,,,,,,
4,20,13,astar_manhattan,True,0.001848,10,14,30,2,4,3.000000,16,14,30
4,20,13,fast_downward_lmcut,True,0.016874,10,12,34,,,,,,
4,20,14,astar_manhattan,True,0.002748,12,51,112,2,4,3.156863,61,51,112
4,20,14,fast_downward_lmcut,True,0.032686,12,39,121,,,,,,
4,20,15,astar_manhattan,True,0.001725,12,14,30,2,4,3.000000,16,14,30
4,20,15,fast_downward_lmcut,True,0.016989,12,13,37,,,,,,
4,20,16,astar_manhattan,True,0.001277,10,22,48,2,4,3.090909,26,22,48
4,20,16,fast_downward_lmcut,True,0.018666,10,12,36,,,,,,
4,20,17,astar_manhattan,True,0.001433,8,13,31,2,4,3.230769,18,13,31
4,20,17,fast_downward_lmcut,True,0.017148,8,9,25,,,,,,
4,20,18,astar_manhattan,True,0.006304,12,61,125,2,4,3.016393,64,61,125
4,20,18,fast_downward_lmcut,True,0.024098,12,25,77,,,,,,
4,20,19,astar_manhattan,True,0.001872,10,15,36,2,4,3.266667,21,15,36
4,20,19,fast_downward_lmcut,True,0.023780,10,11,33,,,,,,
4,25,0,astar_manhattan,True,0.001589,13,13,31,2,4,3.230769,18,13,31
4,25,0,fast_downward_lmcut,True,0.029342,13,14,42,,,,,,
4,25,1,astar_manhattan,True,0.003436,15,24,57,2,4,3.291667,33,24,57
4,25,1,fast_downward_lmcut,True,0.024599,15,17,54,,,,,,
4,25,2,astar_manhattan,True,0.001428,9,9,20,2,4,3.000000,11,9,20
4,25,2,fast_downward_lmcut,True,0.023378,9,10,27,,,,,,
4,25,3,astar_manhattan,True,0.000686,5,5,12,2,4,3.000000,7,5,12
4,25,3,fast_downward_lmcut,True,0.017533,5,6,15,,,,,,
4,25,4,astar_manhattan,True,0.000827,5,5,14,3,4,3.400000,9,5,14
4,25,4,fast_downward_lmcut,True,0.016156,5,6,17,,,,,,
4,25,5,astar_manhattan,True,0.000290,1,1,4,3,3,3.000000,3,1,4
4,25,5,fast_downward_lmcut,True,0.010909,1,2,3,,,,,,
4,25,6,astar_manhattan,True,0.000656,5,5,15,3,4,3.600000,10,5,15
4,25,6,fast_downward_lmcut,True,0.013716,5,6,18,,,,,,
4,25,7,astar_manhattan,True,0.002185,17,25,53,2,4,3.040000,28,25,53
4,25,7,fast_downward_lmcut,True,0.031309,17,26,79,,,,,,
4,25,8,astar_manhattan,True,0.000321,3,3,9,3,4,3.333333,6,3,9
4,25,8,fast_downward_lmcut,True,0.014730,3,4,10,,,,,,
4,25,9,astar_manhattan,True,0.000440,3,3,10,3,4,3.666667,7,3,10
4,25,9,fast_downward_lmcut,True,0.012177,3,4,11,,,,,,
4,25,10,astar_manhattan,True,0.001774,9,18,34,2,4,2.888889,16,18,34
4,25,10,fast_downward_lmcut,True,0.016097,9,10,28,,,,,,
4,25,11,astar_manhattan,True,0.000583,5,5,12,2,4,3.000000,7,5,12
4,25,11,fast_downward_lmcut,True,0.017724,5,6,15,,,,,,
4,25,12,astar_manhattan,True,0.000320,5,5,14,3,4,3.400000,9,5,14
4,25,12,fast_downward_lmcut,True,0.013226,5,6,17,,,,,,
4,25,13,astar_manhattan,True,0.003259,13,31,63,2,4,3.064516,32,31,63
4,25,13,fast_downward_lmcut,True,0.021348,13,16,48,,,,,,
4,25,14,astar_manhattan,True,0.006482,15,75,163,2,4,3.160000,87,75,162
4,25,14,fast_downward_lmcut,True,0.045365,15,53,166,,,,,,
4,25,15,astar_manhattan,True,0.001072,11,13,28,2,4,3.000000,15,13,28
4,25,15,fast_downward_lmcut,True,0.019701,11,12,34,,,,,,
4,25,16,astar_manhattan,True,0.001490,11,28,60,2,4,3.071429,32,28,60
4,25,16,fast_downward_lmcut,True,0.023711,11,14,40,,,,,,
4,25,17,astar_manhattan,True,0.004232,11,45,97,2,4,3.111111,52,45,97
4,25,17,fast_downward_lmcut,True,0.023352,11,22,69,,,,,,
4,25,18,astar_manhattan,True,0.003641,11,44,91,2,4,3.022727,47,44,91
4,25,18,fast_downward_lmcut,True,0.026513,11,21,64,,,,,,
4,25,19,astar_manhattan,True,0.000817,9,12,29,2,4,3.250000,17,12,29
4,25,19,fast_downward_lmcut,True,0.024379,9,10,30,,,,,,
4,30,0,astar_manhattan,True,0.007041,18,66,140,2,4,3.090909,74,66,140
4,30,0,fast_downward_lmcut,True,0.025750,18,21,60,,,,,,
4,30,1,astar_manhattan,True,0.005325,18,39,90,2,4,3.256410,51,39,90
4,30,1,fast_downward_lmcut,True,0.034451,18,24,77,,,,,,
4,30,2,astar_manhattan,True,0.001003,10,16,34,2,4,3.000000,18,16,34
4,30,2,fast_downward_lmcut,True,0.015954,10,11,31,,,,,,
4,30,3,astar_manhattan,True,0.001071,8,13,29,2,4,3.153846,16,13,29
4,30,3,fast_downward_lmcut,True,0.019278,8,9,26,,,,,,
4,30,4,astar_manhattan,True,0.000979,8,8,20,2,4,3.250000,12,8,20
4,30,4,fast_downward_lmcut,True,0.022630,8,9,26,,,,,,
4,30,5,astar_manhattan,True,0.000396,6,6,15,2,4,3.166667,9,6,15
4,30,5,fast_downward_lmcut,True,0.019272,6,7,19,,,,,,
4,30,6,astar_manhattan,True,0.001146,8,10,26,2,4,3.400000,16,10,26
4,30,6,fast_downward_lmcut,True,0.022253,8,9,29,,,,,,
4,30,7,astar_manhattan,True,0.001924,18,27,57,2,4,3.037037,30,27,57
4,30,7,fast_downward_lmcut,True,0.040217,18,27,82,,,,,,
4,30,8,astar_manhattan,True,0.000708,6,6,14,2,4,3.000000,8,6,14
4,30,8,fast_downward_lmcut,True,0.020300,6,7,18,,,,,,
4,30,9,astar_manhattan,True,0.000701,6,6,15,2,4,3.166667,9,6,15
4,30,9,fast_downward_lmcut,True,0.016819,6,7,19,,,,,,
4,30,10,astar_manhattan,True,0.002531,12,21,40,2,4,2.904762,19,21,40
4,30,10,fast_downward_lmcut,True,0.027862,12,13,37,,,,,,
4,30,11,astar_manhattan,True,0.000715,6,11,24,2,4,3.090909,13,11,24
4,30,11,fast_downward_lmcut,True,0.018777,6,7,19,,,,,,
4,30,12,astar_manhattan,True,0.000295,6,6,16,3,4,3.333333,10,6,16
4,30,12,fast_downward_lmcut,True,0.015959,6,7,20,,,,,,
4,30,13,astar_manhattan,True,0.003161,14,32,66,2,4,3.093750,34,32,66
4,30,13,fast_downward_lmcut,True,0.022166,14,17,52,,,,,,
4,30,14,astar_manhattan,True,0.008259,16,105,226,2,4,3.142857,120,105,225
4,30,14,fast_downward_lmcut,True,0.054305,16,64,202,,,,,,
4,30,15,astar_manhattan,True,0.001353,14,16,36,2,4,3.125000,20,16,36
4,30,15,fast_downward_lmcut,True,0.020521,14,15,45,,,,,,
4,30,16,astar_manhattan,True,0.009738,14,159,331,2,4,3.088050,172,159,331
4,30,16,fast_downward_lmcut,True,0.059464,14,74,234,,,,,,
4,30,17,astar_manhattan,True,0.006773,12,65,139,2,4,3.107692,74,65,139
4,30,17,fast_downward_lmcut,True,0.032302,12,33,101,,,,,,
4,30,18,astar_manhattan,True,0.003641,12,47,98,2,4,3.042553,51,47,98
4,30,18,fast_downward_lmcut,True,0.029047,12,24,71,,,,,,
4,30,19,astar_manhattan,True,0.002979,12,21,48,2,4,3.190476,27,21,48
4,30,19,fast_downward_lmcut,True,0.028188,12,15,46,,,,,,
5,5,0,astar_manhattan,True,0.000614,3,3,9,3,4,3.333333,6,3,9
5,5,0,fast_downward_lmcut,True,0.061069,3,4,10,,,,,,
5,5,1,astar_manhattan,True,0.001363,5,5,16,3,4,3.800000,11,5,16
5,5,1,fast_downward_lmcut,True,0.037876,5,6,19,,,,,,
5,5,2,astar_manhattan,True,0.000600,3,3,8,3,3,3.000000,5,3,8
5,5,2,fast_downward_lmcut,True,0.033106,3,4,9,,,,,,
5,5,3,astar_manhattan,True,0.000244,3,3,9,3,4,3.333333,6,3,9
5,5,3,fast_downward_lmcut,True,0.033769,3,4,10,,,,,,
5,5,4,astar_manhattan,True,0.000403,1,1,4,3,3,3.000000,3,1,4
5,5,4,fast_downward_lmcut,True,0.031099,1,2,3,,,,,,
5,5,5,astar_manhattan,True,0.000206,1,1,4,3,3,3.000000,3,1,4
5,5,5,fast_downward_lmcut,True,0.031298,1,2,3,,,,,,
5,5,6,astar_manhattan,True,0.000282,3,3,10,3,4,3.666667,7,3,10
5,5,6,fast_downward_lmcut,True,0.036699,3,4,11,,,,,,
5,5,7,astar_manhattan,True,0.000707,3,3,10,3,4,3.666667,7,3,10
5,5,7,fast_downward_lmcut,True,0.025180,3,4,11,,,,,,
5,5,8,astar_manhattan,True,0.000306,1,1,4,3,3,3.000000,3,1,4
5,5,8,fast_downward_lmcut,True,0.025408,1,2,3,,,,,,
5,5,9,astar_manhattan,True,0.000576,3,3,9,3,4,3.333333,6,3,9
5,5,9,fast_downward_lmcut,True,0.031058,3,4,10,,,,,,
5,5,10,astar_manhattan,True,0.000291,1,1,4,3,3,3.000000,3,1,4
5,5,10,fast_downward_lmcut,True,0.030886,1,2,3,,,,,,
5,5,11,astar_manhattan,True,0.000235,1,1,4,3,3,3.000000,3,1,4
5,5,11,fast_downward_lmcut,True,0.023965,1,2,3,,,,,,
5,5,12,astar_manhattan,True,0.000430,1,1,4,3,3,3.000000,3,1,4
5,5,12,fast_downward_lmcut,True,0.029797,1,2,3,,,,,,
5,5,13,astar_manhattan,True,0.000298,1,1,4,3,3,3.000000,3,1,4
5,5,13,fast_downward_lmcut,True,0.029634,1,2,3,,,,,,
5,5,14,astar_manhattan,True,0.000757,3,3,9,3,4,3.333333,6,3,9
5,5,14,fast_downward_lmcut,True,0.028816,3,4,10,,,,,,
5,5,15,astar_manhattan,True,0.000214,3,3,9,3,4,3.333333,6,3,9
5,5,15,fast_downward_lmcut,True,0.033527,3,4,10,,,,,,
5,5,16,astar_manhattan,True,0.000553,3,3,8,3,3,3.000000,5,3,8
5,5,16,fast_downward_lmcut,True,0.029140,3,4,9,,,,,,
5,5,17,astar_manhattan,True,0.000983,5,5,11,2,3,2.800000,6,5,11
5,5,17,fast_downward_lmcut,True,0.040316,5,6,14,,,,,,
5,5,18,astar_manhattan,True,0.000226,1,1,4,3,3,3.000000,3,1,4
5,5,18,fast_downward_lmcut,True,0.030831,1,2,3,,,,,,
5,5,19,astar_manhattan,True,0.000318,1,1,4,3,3,3.000000,3,1,4
5,5,19,fast_downward_lmcut,True,0.027691,1,2,3,,,,,,
5,10,0,astar_manhattan,True,0.000431,2,2,6,3,3,3.000000,4,2,6
5,10,0,fast_downward_lmcut,True,0.024260,2,3,6,,,,,,
5,10,1,astar_manhattan,True,0.001913,8,8,23,3,4,3.625000,15,8,23
5,10,1,fast_downward_lmcut,True,0.037355,8,9,29,,,,,,
5,10,2,astar_manhattan,True,0.000771,6,6,17,3,4,3.500000,11,6,17
5,10,2,fast_downward_lmcut,True,0.036114,6,7,21,,,,,,
5,10,3,astar_manhattan,True,0.001951,6,11,24,2,4,3.090909,13,11,24
5,10,3,fast_downward_lmcut,True,0.041498,6,7,19,,,,,,
5,10,4,astar_manhattan,True,0.000460,4,4,9,2,3,2.750000,5,4,9
5,10,4,fast_downward_lmcut,True,0.030414,4,5,11,,,,,,
5,10,5,astar_manhattan,True,0.000602,2,2,7,3,4,3.500000,5,2,7
5,10,5,fast_downward_lmcut,True,0.031884,2,3,7,,,,,,
5,10,6,astar_manhattan,True,0.000532,4,4,13,3,4,3.750000,9,4,13
5,10,6,fast_downward_lmcut,True,0.040751,4,5,15,,,,,,
5,10,7,astar_manhattan,True,0.000801,4,4,13,3,4,3.750000,9,4,13
5,10,7,fast_downward_lmcut,True,0.035680,4,5,15,,,,,,
5,10,8,astar_manhattan,True,0.000330,4,4,9,2,3,2.750000,5,4,9
5,10,8,fast_downward_lmcut,True,0.035765,4,5,11,,,,,,
5,10,9,astar_manhattan,True,0.000531,2,2,7,3,4,3.500000,5,2,7
5,10,9,fast_downward_lmcut,True,0.028026,2,3,7,,,,,,
5,10,10,astar_manhattan,True,0.000051,0,0,1,0,0,0.000000,1,0,1
5,10,10,fast_downward_lmcut,False,0.031963,0,1,0,,,,,,
5,10,11,astar_manhattan,True,0.000180,2,2,6,3,3,3.000000,4,2,6
5,10,11,fast_downward_lmcut,True,0.026481,2,3,6,,,,,,
5,10,12,astar_manhattan,True,0.000572,4,4,10,2,4,3.000000,6,4,10
5,10,12,fast_downward_lmcut,True,0.025933,4,5,12,,,,,,
5,10,13,astar_manhattan,True,0.000402,6,6,14,2,4,3.000000,8,6,14
5,10,13,fast_downward_lmcut,True,0.041146,6,7,18,,,,,,
5,10,14,astar_manhattan,True,0.001602,6,8,20,2,4,3.250000,12,8,20
5,10,14,fast_downward_lmcut,True,0.032734,6,8,24,,,,,,
5,10,15,astar_manhattan,True,0.000363,4,4,12,3,4,3.500000,8,4,12
5,10,15,fast_downward_lmcut,True,0.026485,4,5,14,,,,,,
5,10,16,astar_manhattan,True,0.001039,6,6,17,3,4,3.500000,11,6,17
5,10,16,fast_downward_lmcut,True,0.037199,6,7,21,,,,,,
5,10,17,astar_manhattan,True,0.001410,8,8,16,2,3,2.750000,8,8,16
5,10,17,fast_downward_lmcut,True,0.042802,8,9,22,,,,,,
5,10,18,astar_manhattan,True,0.000364,2,2,6,3,3,3.000000,4,2,6
5,10,18,fast_downward_lmcut,True,0.028093,2,3,6,,,,,,
5,10,19,astar_manhattan,True,0.000555,2,2,7,3,4,3.500000,5,2,7
5,10,19,fast_downward_lmcut,True,0.051460,2,3,7,,,,,,
5,15,0,astar_manhattan,True,0.000750,3,3,10,3,4,3.666667,7,3,10
5,15,0,fast_downward_lmcut,True,0.025844,3,4,11,,,,,,
5,15,1,astar_manhattan,True,0.002788,11,17,44,2,4,3.470588,27,17,44
5,15,1,fast_downward_lmcut,True,0.047157,11,12,38,,,,,,
5,15,2,astar_manhattan,True,0.001660,9,9,26,3,4,3.666667,17,9,26
5,15,2,fast_downward_lmcut,True,0.048444,9,10,33,,,,,,
5,15,3,astar_manhattan,True,0.003500,11,26,55,2,4,3.076923,29,26,55
5,15,3,fast_downward_lmcut,True,0.041475,11,17,52,,,,,,
5,15,4,astar_manhattan,True,0.000384,7,7,17,2,4,3.142857,10,7,17
5,15,4,fast_downward_lmcut,True,0.042513,7,8,22,,,,,,
5,15,5,astar_manhattan,True,0.000322,1,1,4,3,3,3.000000,3,1,4
5,15,5,fast_downward_lmcut,True,0.035224,1,2,3,,,,,,
5,15,6,astar_manhattan,True,0.000543,5,5,16,3,4,3.800000,11,5,16
5,15,6,fast_downward_lmcut,True,0.029226,5,6,19,,,,,,
5,15,7,astar_manhattan,True,0.001245,7,7,19,3,4,3.428571,12,7,19
5,15,7,fast_downward_lmcut,True,0.036786,7,8,24,,,,,,
5,15,8,astar_manhattan,True,0.000398,5,5,14,3,4,3.400000,9,5,14
5,15,8,fast_downward_lmcut,True,0.032000,5,6,17,,,,,,
5,15,9,astar_manhattan,True,0.000577,7,10,28,2,4,3.600000,18,10,28
5,15,9,fast_downward_lmcut,True,0.037830,7,8,27,,,,,,
5,15,10,astar_manhattan,True,0.000103,1,1,4,3,3,3.000000,3,1,4
5,15,10,fast_downward_lmcut,True,0.030767,1,2,3,,,,,,
5,15,11,astar_manhattan,True,0.000195,1,1,4,3,3,3.000000,3,1,4
5,15,11,fast_downward_lmcut,True,0.034051,1,2,3,,,,,,
5,15,12,astar_manhattan,True,0.000424,3,3,9,3,4,3.333333,6,3,9
5,15,12,fast_downward_lmcut,True,0.037175,3,4,10,,,,,,
5,15,13,astar_manhattan,True,0.002228,9,16,37,2,4,3.187500,21,16,37
5,15,13,fast_downward_lmcut,True,0.044916,9,12,34,,,,,,
5,15,14,astar_manhattan,True,0.001858,7,10,24,2,4,3.200000,14,10,24
5,15,14,fast_downward_lmcut,True,0.044652,7,9,27,,,,,,
5,15,15,astar_manhattan,True,0.001338,5,5,15,3,4,3.600000,10,5,15
5,15,15,fast_downward_lmcut,True,0.040255,5,6,18,,,,,,
5,15,16,astar_manhattan,True,0.000615,5,5,13,3,4,3.200000,8,5,13
5,15,16,fast_downward_lmcut,True,0.041311,5,6,16,,,,,,
5,15,17,astar_manhattan,True,0.000751,9,9,18,2,3,2.777778,9,9,18
5,15,17,fast_downward_lmcut,True,0.045749,9,10,25,,,,,,
5,15,18,astar_manhattan,True,0.000107,1,1,4,3,3,3.000000,3,1,4
5,15,18,fast_downward_lmcut,True,0.025980,1,2,3,,,,,,
5,15,19,astar_manhattan,True,0.000764,5,5,16,3,4,3.800000,11,5,16
5,15,19,fast_downward_lmcut,True,0.042938,5,6,19,,,,,,
6,5,0,astar_manhattan,True,0.000961,3,3,9,3,4,3.333333,6,3,9
6,5,0,fast_downward_lmcut,True,0.066784,3,4,10,,,,,,
6,5,1,astar_manhattan,True,0.001187,5,5,16,3,4,3.800000,11,5,16
6,5,1,fast_downward_lmcut,True,0.075022,5,6,19,,,,,,
6,5,2,astar_manhattan,True,0.000952,3,3,8,3,3,3.000000,5,3,8
6,5,2,fast_downward_lmcut,True,0.065592,3,4,9,,,,,,
6,5,3,astar_manhattan,True,0.000635,3,3,9,3,4,3.333333,6,3,9
6,5,3,fast_downward_lmcut,True,0.049359,3,4,10,,,,,,
6,5,4,astar_manhattan,True,0.000309,1,1,4,3,3,3.000000,3,1,4
6,5,4,fast_downward_lmcut,True,0.070054,1,2,3,,,,,,
6,5,5,astar_manhattan,True,0.000151,1,1,4,3,3,3.000000,3,1,4
6,5,5,fast_downward_lmcut,True,0.050215,1,2,3,,,,,,
6,5,6,astar_manhattan,True,0.000818,3,3,10,3,4,3.666667,7,3,10
6,5,6,fast_downward_lmcut,True,0.077561,3,4,11,,,,,,
6,5,7,astar_manhattan,True,0.000455,3,3,10,3,4,3.666667,7,3,10
6,5,7,fast_downward_lmcut,True,0.072425,3,4,11,,,,,,
6,5,8,astar_manhattan,True,0.000196,1,1,4,3,3,3.000000,3,1,4
6,5,8,fast_downward_lmcut,True,0.069825,1,2,3,,,,,,
6,5,9,astar_manhattan,True,0.000500,3,3,9,3,4,3.333333,6,3,9
6,5,9,fast_downward_lmcut,True,0.072587,3,4,10,,,,,,
6,5,10,astar_manhattan,True,0.000259,1,1,4,3,3,3.000000,3,1,4
6,5,10,fast_downward_lmcut,True,0.068767,1,2,3,,,,,,
6,5,11,astar_manhattan,True,0.000292,1,1,4,3,3,3.000000,3,1,4
6,5,11,fast_downward_lmcut,True,0.072403,1,2,3,,,,,,
6,5,12,astar_manhattan,True,0.000536,1,1,4,3,3,3.000000,3,1,4
6,5,12,fast_downward_lmcut,True,0.051606,1,2,3,,,,,,
6,5,13,astar_manhattan,True,0.000187,1,1,4,3,3,3.000000,3,1,4
6,5,13,fast_downward_lmcut,True,0.069939,1,2,3,,,,,,
6,5,14,astar_manhattan,True,0.000554,3,3,9,3,4,3.333333,6,3,9
6,5,14,fast_downward_lmcut,True,0.065827,3,4,10,,,,,,
6,5,15,astar_manhattan,True,0.000951,3,3,9,3,4,3.333333,6,3,9
6,5,15,fast_downward_lmcut,True,0.070496,3,4,10,,,,,,
6,5,16,astar_manhattan,True,0.001119,5,5,11,2,3,2.800000,6,5,11
6,5,16,fast_downward_lmcut,True,0.076814,5,6,14,,,,,,
6,5,17,astar_manhattan,True,0.001367,5,5,13,3,4,3.200000,8,5,13
6,5,17,fast_downward_lmcut,True,0.078508,5,6,16,,,,,,
6,5,18,astar_manhattan,True,0.000544,1,1,4,3,3,3.000000,3,1,4
6,5,18,fast_downward_lmcut,True,0.058988,1,2,3,,,,,,
6,5,19,astar_manhattan,True,0.000492,1,1,4,3,3,3.000000,3,1,4
6,5,19,fast_downward_lmcut,True,0.063585,1,2,3,,,,,,
6,10,0,astar_manhattan,True,0.000452,2,2,6,3,3,3.000000,4,2,6
6,10,0,fast_downward_lmcut,True,0.059614,2,3,6,,,,,,
6,10,1,astar_manhattan,True,0.002134,8,8,23,3,4,3.625000,15,8,23
6,10,1,fast_downward_lmcut,True,0.097339,8,9,29,,,,,,
6,10,2,astar_manhattan,True,0.000694,6,6,17,3,4,3.500000,11,6,17
6,10,2,fast_downward_lmcut,True,0.083828,6,7,21,,,,,,
6,10,3,astar_manhattan,True,0.002360,6,11,24,2,4,3.090909,13,11,24
6,10,3,fast_downward_lmcut,True,0.082823,6,7,19,,,,,,
6,10,4,astar_manhattan,True,0.001108,4,4,10,3,3,3.000000,6,4,10
6,10,4,fast_downward_lmcut,True,0.058084,4,5,12,,,,,,
6,10,5,astar_manhattan,True,0.000670,2,2,7,3,4,3.500000,5,2,7
6,10,5,fast_downward_lmcut,True,0.069236,2,3,7,,,,,,
6,10,6,astar_manhattan,True,0.000750,4,4,13,3,4,3.750000,9,4,13
6,10,6,fast_downward_lmcut,True,0.075277,4,5,15,,,,,,
6,10,7,astar_manhattan,True,0.001739,8,8,23,3,4,3.625000,15,8,23
6,10,7,fast_downward_lmcut,True,0.094474,8,9,29,,,,,,
6,10,8,astar_manhattan,True,0.001241,4,4,10,3,3,3.000000,6,4,10
6,10,8,fast_downward_lmcut,True,0.078386,4,5,12,,,,,,
6,10,9,astar_manhattan,True,0.000810,2,2,7,3,4,3.500000,5,2,7
6,10,9,fast_downward_lmcut,True,0.050077,2,3,7,,,,,,
6,10,10,astar_manhattan,True,0.000050,0,0,1,0,0,0.000000,1,0,1
6,10,10,fast_downward_lmcut,False,0.055122,0,1,0,,,,,,
6,10,11,astar_manhattan,True,0.000501,2,2,6,3,3,3.000000,4,2,6
6,10,11,fast_downward_lmcut,True,0.067249,2,3,6,,,,,,
6,10,12,astar_manhattan,True,0.000647,4,4,10,2,4,3.000000,6,4,10
6,10,12,fast_downward_lmcut,True,0.067317,4,5,12,,,,,,
6,10,13,astar_manhattan,True,0.000939,6,6,14,2,4,3.000000,8,6,14
6,10,13,fast_downward_lmcut,True,0.075973,6,7,18,,,,,,
6,10,14,astar_manhattan,True,0.001773,6,8,20,2,4,3.250000,12,8,20
6,10,14,fast_downward_lmcut,True,0.081181,6,8,24,,,,,,
6,10,15,astar_manhattan,True,0.000429,4,4,12,3,4,3.500000,8,4,12
6,10,15,fast_downward_lmcut,True,0.074791,4,5,14,,,,,,
6,10,16,astar_manhattan,True,0.001116,4,4,10,3,3,3.000000,6,4,10
6,10,16,fast_downward_lmcut,True,0.066648,4,5,12,,,,,,
6,10,17,astar_manhattan,True,0.000823,8,8,19,3,4,3.125000,11,8,19
6,10,17,fast_downward_lmcut,True,0.090410,8,9,25,,,,,,
6,10,18,astar_manhattan,True,0.000761,2,2,6,3,3,3.000000,4,2,6
6,10,18,fast_downward_lmcut,True,0.071288,2,3,6,,,,,,
6,10,19,astar_manhattan,True,0.000314,2,2,7,3,4,3.500000,5,2,7
6,10,19,fast_downward_lmcut,True,0.063835,2,3,7,,,,,,
6,15,0,astar_manhattan,True,0.000966,3,3,10,3,4,3.666667,7,3,10
6,15,0,fast_downward_lmcut,True,0.055526,3,4,11,,,,,,
6,15,1,astar_manhattan,True,0.001709,7,7,21,3,4,3.714286,14,7,21
6,15,1,fast_downward_lmcut,True,0.089013,7,8,26,,,,,,
6,15,2,astar_manhattan,True,0.002273,9,9,26,3,4,3.666667,17,9,26
6,15,2,fast_downward_lmcut,True,0.098614,9,10,33,,,,,,
6,15,3,astar_manhattan,True,0.005931,11,26,55,2,4,3.076923,29,26,55
6,15,3,fast_downward_lmcut,True,0.102675,11,17,52,,,,,,
6,15,4,astar_manhattan,True,0.000494,5,5,14,3,4,3.400000,9,5,14
6,15,4,fast_downward_lmcut,True,0.080369,5,6,17,,,,,,
6,15,5,astar_manhattan,True,0.000206,1,1,4,3,3,3.000000,3,1,4
6,15,5,fast_downward_lmcut,True,0.067223,1,2,3,,,,,,
6,15,6,astar_manhattan,True,0.000545,3,3,10,3,4,3.666667,7,3,10
6,15,6,fast_downward_lmcut,True,0.055232,3,4,11,,,,,,
6,15,7,astar_manhattan,True,0.003506,11,16,42,2,4,3.500000,26,16,42
6,15,7,fast_downward_lmcut,True,0.107840,11,12,39,,,,,,
6,15,8,astar_manhattan,True,0.001442,5,5,13,3,4,3.200000,8,5,13
6,15,8,fast_downward_lmcut,True,0.060776,5,6,16,,,,,,
6,15,9,astar_manhattan,True,0.001504,7,10,28,2,4,3.600000,18,10,28
6,15,9,fast_downward_lmcut,True,0.084393,7,8,27,,,,,,
6,15,10,astar_manhattan,True,0.000440,1,1,4,3,3,3.000000,3,1,4
6,15,10,fast_downward_lmcut,True,0.060882,1,2,3,,,,,,
6,15,11,astar_manhattan,True,0.000420,1,1,4,3,3,3.000000,3,1,4
6,15,11,fast_downward_lmcut,True,0.061223,1,2,3,,,,,,
6,15,12,astar_manhattan,True,0.000758,3,3,9,3,4,3.333333,6,3,9
6,15,12,fast_downward_lmcut,True,0.070135,3,4,10,,,,,,
6,15,13,astar_manhattan,True,0.002630,9,16,37,2,4,3.187500,21,16,37
6,15,13,fast_downward_lmcut,True,0.074958,9,12,34,,,,,,
6,15,14,astar_manhattan,True,0.001770,7,10,24,2,4,3.200000,14,10,24
6,15,14,fast_downward_lmcut,True,0.077594,7,9,27,,,,,,
6,15,15,astar_manhattan,True,0.000781,5,5,15,3,4,3.600000,10,5,15
6,15,15,fast_downward_lmcut,True,0.086506,5,6,18,,,,,,
6,15,16,astar_manhattan,True,0.001837,7,7,16,2,4,3.000000,9,7,16
6,15,16,fast_downward_lmcut,True,0.072281,7,8,21,,,,,,
6,15,17,astar_manhattan,True,0.002146,9,9,22,3,4,3.222222,13,9,22
6,15,17,fast_downward_lmcut,True,0.102481,9,10,29,,,,,,
6,15,18,astar_manhattan,True,0.000442,1,1,4,3,3,3.000000,3,1,4
6,15,18,fast_downward_lmcut,True,0.069515,1,2,3,,,,,,
6,15,19,astar_manhattan,True,0.000936,5,5,16,3,4,3.800000,11,5,16
6,15,19,fast_downward_lmcut,True,0.075752,5,6,19,,,,,,
7,5,0,astar_manhattan,True,0.000544,3,3,9,3,4,3.333333,6,3,9
7,5,0,fast_downward_lmcut,True,0.132922,3,4,10,,,,,,
7,5,1,astar_manhattan,True,0.001541,5,5,16,3,4,3.800000,11,5,16
7,5,1,fast_downward_lmcut,True,0.147167,5,6,19,,,,,,
7,5,2,astar_manhattan,True,0.000510,3,3,8,3,3,3.000000,5,3,8
7,5,2,fast_downward_lmcut,True,0.123242,3,4,9,,,,,,
7,5,3,astar_manhattan,True,0.001269,3,3,9,3,4,3.333333,6,3,9
7,5,3,fast_downward_lmcut,True,0.144653,3,4,10,,,,,,
7,5,4,astar_manhattan,True,0.000536,1,1,4,3,3,3.000000,3,1,4
7,5,4,fast_downward_lmcut,True,0.116855,1,2,3,,,,,,
7,5,5,astar_manhattan,True,0.000273,1,1,4,3,3,3.000000,3,1,4
7,5,5,fast_downward_lmcut,True,0.126096,1,2,3,,,,,,
7,5,6,astar_manhattan,True,0.000702,3,3,10,3,4,3.666667,7,3,10
7,5,6,fast_downward_lmcut,True,0.134912,3,4,11,,,,,,
7,5,7,astar_manhattan,True,0.001380,3,3,10,3,4,3.666667,7,3,10
7,5,7,fast_downward_lmcut,True,0.130405,3,4,11,,,,,,
7,5,8,astar_manhattan,True,0.000461,1,1,4,3,3,3.000000,3,1,4
7,5,8,fast_downward_lmcut,True,0.118095,1,2,3,,,,,,
7,5,9,astar_manhattan,True,0.001280,3,3,9,3,4,3.333333,6,3,9
7,5,9,fast_downward_lmcut,True,0.121649,3,4,10,,,,,,
7,5,10,astar_manhattan,True,0.000579,1,1,4,3,3,3.000000,3,1,4
7,5,10,fast_downward_lmcut,True,0.133600,1,2,3,,,,,,
7,5,11,astar_manhattan,True,0.000406,1,1,4,3,3,3.000000,3,1,4
7,5,11,fast_downward_lmcut,True,0.114641,1,2,3,,,,,,
7,5,12,astar_manhattan,True,0.000258,1,1,4,3,3,3.000000,3,1,4
7,5,12,fast_downward_lmcut,True,0.138361,1,2,3,,,,,,
7,5,13,astar_manhattan,True,0.000258,1,1,4,3,3,3.000000,3,1,4
7,5,13,fast_downward_lmcut,True,0.119525,1,2,3,,,,,,
7,5,14,astar_manhattan,True,0.000770,3,3,9,3,4,3.333333,6,3,9
7,5,14,fast_downward_lmcut,True,0.118056,3,4,10,,,,,,
7,5,15,astar_manhattan,True,0.001415,3,3,9,3,4,3.333333,6,3,9
7,5,15,fast_downward_lmcut,True,0.123787,3,4,10,,,,,,
7,5,16,astar_manhattan,True,0.001051,5,5,12,3,3,3.000000,7,5,12
7,5,16,fast_downward_lmcut,True,0.131927,5,6,15,,,,,,
7,5,17,astar_manhattan,True,0.001156,5,5,13,3,4,3.200000,8,5,13
7,5,17,fast_downward_lmcut,True,0.116703,5,6,16,,,,,,
7,5,18,astar_manhattan,True,0.000182,1,1,4,3,3,3.000000,3,1,4
7,5,18,fast_downward_lmcut,True,0.109887,1,2,3,,,,,,
7,5,19,astar_manhattan,True,0.000569,1,1,4,3,3,3.000000,3,1,4
7,5,19,fast_downward_lmcut,True,0.105796,1,2,3,,,,,,
7,10,0,astar_manhattan,True,0.000759,2,2,6,3,3,3.000000,4,2,6
7,10,0,fast_downward_lmcut,True,0.121593,2,3,6,,,,,,
7,10,1,astar_manhattan,True,0.002832,8,8,23,3,4,3.625000,15,8,23
7,10,1,fast_downward_lmcut,True,0.161178,8,9,29,,,,,,
7,10,2,astar_manhattan,True,0.001907,6,6,17,3,4,3.500000,11,6,17
7,10,2,fast_downward_lmcut,True,0.157405,6,7,21,,,,,,
7,10,3,astar_manhattan,True,0.003781,6,11,24,2,4,3.090909,13,11,24
7,10,3,fast_downward_lmcut,True,0.129713,6,7,19,,,,,,
7,10,4,astar_manhattan,True,0.000710,4,4,10,3,3,3.000000,6,4,10
7,10,4,fast_downward_lmcut,True,0.118226,4,5,12,,,,,,
7,10,5,astar_manhattan,True,0.000765,2,2,7,3,4,3.500000,5,2,7
7,10,5,fast_downward_lmcut,True,0.132738,2,3,7,,,,,,
7,10,6,astar_manhattan,True,0.001640,4,4,13,3,4,3.750000,9,4,13
7,10,6,fast_downward_lmcut,True,0.142070,4,5,15,,,,,,
7,10,7,astar_manhattan,True,0.001990,6,6,19,3,4,3.833333,13,6,19
7,10,7,fast_downward_lmcut,True,0.144409,6,7,23,,,,,,
7,10,8,astar_manhattan,True,0.000735,4,4,10,3,3,3.000000,6,4,10
7,10,8,fast_downward_lmcut,True,0.126595,4,5,12,,,,,,
7,10,9,astar_manhattan,True,0.000600,2,2,7,3,4,3.500000,5,2,7
7,10,9,fast_downward_lmcut,True,0.114743,2,3,7,,,,,,
7,10,10,astar_manhattan,True,0.000155,0,0,1,0,0,0.000000,1,0,1
7,10,10,fast_downward_lmcut,False,0.108878,0,1,0,,,,,,
7,10,11,astar_manhattan,True,0.000258,2,2,6,3,3,3.000000,4,2,6
7,10,11,fast_downward_lmcut,True,0.119978,2,3,6,,,,,,
7,10,12,astar_manhattan,True,0.000475,4,4,10,2,4,3.000000,6,4,10
7,10,12,fast_downward_lmcut,True,0.131022,4,5,12,,,,,,
7,10,13,astar_manhattan,True,0.001503,6,6,14,2,4,3.000000,8,6,14
7,10,13,fast_downward_lmcut,True,0.136316,6,7,18,,,,,,
7,10,14,astar_manhattan,True,0.002134,6,8,20,2,4,3.250000,12,8,20
7,10,14,fast_downward_lmcut,True,0.159021,6,8,24,,,,,,
7,10,15,astar_manhattan,True,0.001137,4,4,12,3,4,3.500000,8,4,12
7,10,15,fast_downward_lmcut,True,0.139619,4,5,14,,,,,,
7,10,16,astar_manhattan,True,0.002390,8,8,21,3,4,3.375000,13,8,21
7,10,16,fast_downward_lmcut,True,0.135118,8,9,27,,,,,,
7,10,17,astar_manhattan,True,0.002262,8,8,22,3,4,3.500000,14,8,22
7,10,17,fast_downward_lmcut,True,0.208385,8,9,28,,,,,,
7,10,18,astar_manhattan,True,0.001022,2,2,6,3,3,3.000000,4,2,6
7,10,18,fast_downward_lmcut,True,0.112623,2,3,6,,,,,,
7,10,19,astar_manhattan,True,0.000588,2,2,7,3,4,3.500000,5,2,7
7,10,19,fast_downward_lmcut,True,0.108110,2,3,7,,,,,,
7,15,0,astar_manhattan,True,0.000886,3,3,10,3,4,3.666667,7,3,10
7,15,0,fast_downward_lmcut,True,0.102376,3,4,11,,,,,,
7,15,1,astar_manhattan,True,0.001972,7,7,21,3,4,3.714286,14,7,21
7,15,1,fast_downward_lmcut,True,0.158266,7,8,26,,,,,,
7,15,2,astar_manhattan,True,0.002830,9,9,26,3,4,3.666667,17,9,26
7,15,2,fast_downward_lmcut,True,0.177351,9,10,33,,,,,,
7,15,3,astar_manhattan,True,0.005959,11,26,55,2,4,3.076923,29,26,55
7,15,3,fast_downward_lmcut,True,0.186854,11,17,52,,,,,,
7,15,4,astar_manhattan,True,0.000803,5,5,14,3,4,3.400000,9,5,14
7,15,4,fast_downward_lmcut,True,0.143513,5,6,17,,,,,,
7,15,5,astar_manhattan,True,0.000230,1,1,4,3,3,3.000000,3,1,4
7,15,5,fast_downward_lmcut,True,0.125768,1,2,3,,,,,,
7,15,6,astar_manhattan,True,0.001251,3,3,10,3,4,3.666667,7,3,10
7,15,6,fast_downward_lmcut,True,0.125384,3,4,11,,,,,,
7,15,7,astar_manhattan,True,0.003999,11,11,31,3,4,3.636364,20,11,31
7,15,7,fast_downward_lmcut,True,0.177558,11,12,40,,,,,,
7,15,8,astar_manhattan,True,0.000965,5,5,13,3,4,3.200000,8,5,13
7,15,8,fast_downward_lmcut,True,0.122270,5,6,16,,,,,,
7,15,9,astar_manhattan,True,0.001926,7,10,28,2,4,3.600000,18,10,28
7,15,9,fast_downward_lmcut,True,0.149708,7,8,27,,,,,,
7,15,10,astar_manhattan,True,0.000459,1,1,4,3,3,3.000000,3,1,4
7,15,10,fast_downward_lmcut,True,0.124578,1,2,3,,,,,,
7,15,11,astar_manhattan,True,0.000425,1,1,4,3,3,3.000000,3,1,4
7,15,11,fast_downward_lmcut,True,0.122702,1,2,3,,,,,,
7,15,12,astar_manhattan,True,0.000534,3,3,9,3,4,3.333333,6,3,9
7,15,12,fast_downward_lmcut,True,0.129541,3,4,10,,,,,,
7,15,13,astar_manhattan,True,0.004157,9,16,37,2,4,3.187500,21,16,37
7,15,13,fast_downward_lmcut,True,0.162794,9,12,34,,,,,,
7,15,14,astar_manhattan,True,0.003200,7,10,24,2,4,3.200000,14,10,24
7,15,14,fast_downward_lmcut,True,0.152830,7,9,27,,,,,,
7,15,15,astar_manhattan,True,0.001735,5,5,15,3,4,3.600000,10,5,15
7,15,15,fast_downward_lmcut,True,0.133434,5,6,18,,,,,,
7,15,16,astar_manhattan,True,0.002356,7,7,17,3,4,3.142857,10,7,17
7,15,16,fast_downward_lmcut,True,0.147944,7,8,22,,,,,,
7,15,17,astar_manhattan,True,0.004387,9,14,34,2,4,3.285714,20,14,34
7,15,17,fast_downward_lmcut,True,0.161719,9,10,32,,,,,,
7,15,18,astar_manhattan,True,0.000656,1,1,4,3,3,3.000000,3,1,4
7,15,18,fast_downward_lmcut,True,0.119355,1,2,3,,,,,,
7,15,19,astar_manhattan,True,0.002488,5,5,16,3,4,3.800000,11,5,16
7,15,19,fast_downward_lmcut,True,0.132688,5,6,19,,,,,,
8,5,0,astar_manhattan,True,0.001322,3,3,9,3,4,3.333333,6,3,9
8,5,0,fast_downward_lmcut,True,0.194457,3,4,10,,,,,,
8,5,1,astar_manhattan,True,0.002359,5,5,16,3,4,3.800000,11,5,16
8,5,1,fast_downward_lmcut,True,0.231567,5,6,19,,,,,,
8,5,2,astar_manhattan,True,0.001077,3,3,8,3,3,3.000000,5,3,8
8,5,2,fast_downward_lmcut,True,0.230479,3,4,9,,,,,,
8,5,3,astar_manhattan,True,0.000634,3,3,9,3,4,3.333333,6,3,9
8,5,3,fast_downward_lmcut,True,0.240581,3,4,10,,,,,,
8,5,4,astar_manhattan,True,0.000516,1,1,4,3,3,3.000000,3,1,4
8,5,4,fast_downward_lmcut,True,0.211598,1,2,3,,,,,,
8,5,5,astar_manhattan,True,0.000305,1,1,4,3,3,3.000000,3,1,4
8,5,5,fast_downward_lmcut,True,0.188070,1,2,3,,,,,,
8,5,6,astar_manhattan,True,0.001385,3,3,10,3,4,3.666667,7,3,10
8,5,6,fast_downward_lmcut,True,0.238385,3,4,11,,,,,,
8,5,7,astar_manhattan,True,0.001191,3,3,10,3,4,3.666667,7,3,10
8,5,7,fast_downward_lmcut,True,0.229083,3,4,11,,,,,,
8,5,8,astar_manhattan,True,0.000678,1,1,4,3,3,3.000000,3,1,4
8,5,8,fast_downward_lmcut,True,0.189944,1,2,3,,,,,,
8,5,9,astar_manhattan,True,0.001270,3,3,9,3,4,3.333333,6,3,9
8,5,9,fast_downward_lmcut,True,0.199077,3,4,10,,,,,,
8,5,10,astar_manhattan,True,0.000285,1,1,4,3,3,3.000000,3,1,4
8,5,10,fast_downward_lmcut,True,0.177687,1,2,3,,,,,,
8,5,11,astar_manhattan,True,0.000626,1,1,4,3,3,3.000000,3,1,4
8,5,11,fast_downward_lmcut,True,0.176285,1,2,3,,,,,,
8,5,12,astar_manhattan,True,0.000306,1,1,4,3,3,3.000000,3,1,4
8,5,12,fast_downward_lmcut,True,0.226122,1,2,3,,,,,,
8,5,13,astar_manhattan,True,0.000682,1,1,4,3,3,3.000000,3,1,4
8,5,13,fast_downward_lmcut,True,0.188183,1,2,3,,,,,,
8,5,14,astar_manhattan,True,0.000688,3,3,9,3,4,3.333333,6,3,9
8,5,14,fast_downward_lmcut,True,0.199309,3,4,10,,,,,,
8,5,15,astar_manhattan,True,0.000724,3,3,9,3,4,3.333333,6,3,9
8,5,15,fast_downward_lmcut,True,0.231522,3,4,10,,,,,,
8,5,16,astar_manhattan,True,0.001689,5,5,12,3,3,3.000000,7,5,12
8,5,16,fast_downward_lmcut,True,0.220546,5,6,15,,,,,,
8,5,17,astar_manhattan,True,0.001765,5,5,13,3,4,3.200000,8,5,13
8,5,17,fast_downward_lmcut,True,0.249613,5,6,16,,,,,,
8,5,18,astar_manhattan,True,0.000620,1,1,4,3,3,3.000000,3,1,4
8,5,18,fast_downward_lmcut,True,0.207767,1,2,3,,,,,,
8,5,19,astar_manhattan,True,0.000487,1,1,4,3,3,3.000000,3,1,4
8,5,19,fast_downward_lmcut,True,0.237469,1,2,3,,,,,,
8,10,0,astar_manhattan,True,0.001095,2,2,6,3,3,3.000000,4,2,6
8,10,0,fast_downward_lmcut,True,0.206608,2,3,6,,,,,,
8,10,1,astar_manhattan,True,0.003579,8,8,23,3,4,3.625000,15,8,23
8,10,1,fast_downward_lmcut,True,0.317826,8,9,29,,,,,,
8,10,2,astar_manhattan,True,0.002214,6,6,17,3,4,3.500000,11,6,17
8,10,2,fast_downward_lmcut,True,0.245308,6,7,21,,,,,,
8,10,3,astar_manhattan,True,0.003870,6,11,24,2,4,3.090909,13,11,24
8,10,3,fast_downward_lmcut,True,0.237139,6,7,19,,,,,,
8,10,4,astar_manhattan,True,0.001056,4,4,10,3,3,3.000000,6,4,10
8,10,4,fast_downward_lmcut,True,0.202558,4,5,12,,,,,,
8,10,5,astar_manhattan,True,0.000827,2,2,7,3,4,3.500000,5,2,7
8,10,5,fast_downward_lmcut,True,0.214686,2,3,7,,,,,,
8,10,6,astar_manhattan,True,0.002082,4,4,13,3,4,3.750000,9,4,13
8,10,6,fast_downward_lmcut,True,0.230940,4,5,15,,,,,,
8,10,7,astar_manhattan,True,0.001583,6,6,19,3,4,3.833333,13,6,19
8,10,7,fast_downward_lmcut,True,0.254909,6,7,23,,,,,,
8,10,8,astar_manhattan,True,0.001484,4,4,10,3,3,3.000000,6,4,10
8,10,8,fast_downward_lmcut,True,0.238665,4,5,12,,,,,,
8,10,9,astar_manhattan,True,0.001150,2,2,7,3,4,3.500000,5,2,7
8,10,9,fast_downward_lmcut,True,0.208602,2,3,7,,,,,,
8,10,10,astar_manhattan,True,0.000097,0,0,1,0,0,0.000000,1,0,1
8,10,10,fast_downward_lmcut,False,0.234125,0,1,0,,,,,,
8,10,11,astar_manhattan,True,0.000807,2,2,6,3,3,3.000000,4,2,6
8,10,11,fast_downward_lmcut,True,0.229128,2,3,6,,,,,,
8,10,12,astar_manhattan,True,0.001004,4,4,10,2,4,3.000000,6,4,10
8,10,12,fast_downward_lmcut,True,0.234427,4,5,12,,,,,,
8,10,13,astar_manhattan,True,0.001983,6,6,14,2,4,3.000000,8,6,14
8,10,13,fast_downward_lmcut,True,0.213133,6,7,18,,,,,,
8,10,14,astar_manhattan,True,0.003477,6,8,20,2,4,3.250000,12,8,20
8,10,14,fast_downward_lmcut,True,0.278148,6,8,24,,,,,,
8,10,15,astar_manhattan,True,0.001576,4,4,12,3,4,3.500000,8,4,12
8,10,15,fast_downward_lmcut,True,0.218619,4,5,14,,,,,,
8,10,16,astar_manhattan,True,0.003159,8,8,21,3,4,3.375000,13,8,21
8,10,16,fast_downward_lmcut,True,0.250361,8,9,27,,,,,,
8,10,17,astar_manhattan,True,0.001998,8,8,22,3,4,3.500000,14,8,22
8,10,17,fast_downward_lmcut,True,0.276155,8,9,28,,,,,,
8,10,18,astar_manhattan,True,0.001185,2,2,6,3,3,3.000000,4,2,6
8,10,18,fast_downward_lmcut,True,0.209318,2,3,6,,,,,,
8,10,19,astar_manhattan,True,0.000457,2,2,7,3,4,3.500000,5,2,7
8,10,19,fast_downward_lmcut,True,0.223295,2,3,7,,,,,,
8,15,0,astar_manhattan,True,0.001557,3,3,10,3,4,3.666667,7,3,10
8,15,0,fast_downward_lmcut,True,0.235098,3,4,11,,,,,,
8,15,1,astar_manhattan,True,0.003043,7,7,21,3,4,3.714286,14,7,21
8,15,1,fast_downward_lmcut,True,0.244965,7,8,26,,,,,,
8,15,2,astar_manhattan,True,0.002281,9,9,26,3,4,3.666667,17,9,26
8,15,2,fast_downward_lmcut,True,0.316335,9,10,33,,,,,,
8,15,3,astar_manhattan,True,0.007906,11,26,55,2,4,3.076923,29,26,55
8,15,3,fast_downward_lmcut,True,0.310553,11,17,52,,,,,,
8,15,4,astar_manhattan,True,0.001179,5,5,14,3,4,3.400000,9,5,14
8,15,4,fast_downward_lmcut,True,0.223553,5,6,17,,,,,,
8,15,5,astar_manhattan,True,0.000688,1,1,4,3,3,3.000000,3,1,4
8,15,5,fast_downward_lmcut,True,0.206821,1,2,3,,,,,,
8,15,6,astar_manhattan,True,0.000618,3,3,10,3,4,3.666667,7,3,10
8,15,6,fast_downward_lmcut,True,0.222324,3,4,11,,,,,,
8,15,7,astar_manhattan,True,0.003356,11,11,31,2,4,3.636364,20,11,31
8,15,7,fast_downward_lmcut,True,0.356530,11,12,40,,,,,,
8,15,8,astar_manhattan,True,0.002291,5,5,13,3,4,3.200000,8,5,13
8,15,8,fast_downward_lmcut,True,0.261520,5,6,16,,,,,,
8,15,9,astar_manhattan,True,0.002234,7,10,28,2,4,3.600000,18,10,28
8,15,9,fast_downward_lmcut,True,0.252882,7,8,27,,,,,,
8,15,10,astar_manhattan,True,0.000662,1,1,4,3,3,3.000000,3,1,4
8,15,10,fast_downward_lmcut,True,0.201560,1,2,3,,,,,,
8,15,11,astar_manhattan,True,0.000201,1,1,4,3,3,3.000000,3,1,4
8,15,11,fast_downward_lmcut,True,0.214408,1,2,3,,,,,,
8,15,12,astar_manhattan,True,0.001409,3,3,9,3,4,3.333333,6,3,9
8,15,12,fast_downward_lmcut,True,0.217111,3,4,10,,,,,,
8,15,13,astar_manhattan,True,0.005585,9,16,37,2,4,3.187500,21,16,37
8,15,13,fast_downward_lmcut,True,0.292348,9,12,34,,,,,,
8,15,14,astar_manhattan,True,0.003291,7,10,24,2,4,3.200000,14,10,24
8,15,14,fast_downward_lmcut,True,0.275723,7,9,27,,,,,,
8,15,15,astar_manhattan,True,0.002366,5,5,15,3,4,3.600000,10,5,15
8,15,15,fast_downward_lmcut,True,0.247382,5,6,18,,,,,,
8,15,16,astar_manhattan,True,0.002324,7,7,18,3,4,3.285714,11,7,18
8,15,16,fast_downward_lmcut,True,0.276582,7,8,23,,,,,,
8,15,17,astar_manhattan,True,0.005238,9,14,34,2,4,3.285714,20,14,34
8,15,17,fast_downward_lmcut,True,0.298965,9,10,32,,,,,,
8,15,18,astar_manhattan,True,0.000489,1,1,4,3,3,3.000000,3,1,4
8,15,18,fast_downward_lmcut,True,0.195287,1,2,3,,,,,,
8,15,19,astar_manhattan,True,0.001244,5,5,16,3,4,3.800000,11,5,16
8,15,19,fast_downward_lmcut,True,0.230329,5,6,19,,,,,,
10,5,0,astar_manhattan,True,0.002099,3,3,9,3,4,3.333333,6,3,9
10,5,0,fast_downward_lmcut,True,0.577993,3,4,10,,,,,,
10,5,1,astar_manhattan,True,0.002946,5,5,16,3,4,3.800000,11,5,16
10,5,1,fast_downward_lmcut,True,0.656881,5,6,19,,,,,,
10,5,2,astar_manhattan,True,0.001335,3,3,8,3,3,3.000000,5,3,8
10,5,2,fast_downward_lmcut,True,0.617794,3,4,9,,,,,,
10,5,3,astar_manhattan,True,0.002272,3,3,9,3,4,3.333333,6,3,9
10,5,3,fast_downward_lmcut,True,0.586665,3,4,10,,,,,,
10,5,4,astar_manhattan,True,0.001015,1,1,4,3,3,3.000000,3,1,4
10,5,4,fast_downward_lmcut,True,0.574378,1,2,3,,,,,,
10,5,5,astar_manhattan,True,0.000841,1,1,4,3,3,3.000000,3,1,4
10,5,5,fast_downward_lmcut,True,0.614011,1,2,3,,,,,,
10,5,6,astar_manhattan,True,0.002005,3,3,10,3,4,3.666667,7,3,10
10,5,6,fast_downward_lmcut,True,0.584913,3,4,11,,,,,,
10,5,7,astar_manhattan,True,0.002272,3,3,10,3,4,3.666667,7,3,10
10,5,7,fast_downward_lmcut,True,0.597470,3,4,11,,,,,,
10,5,8,astar_manhattan,True,0.001204,1,1,4,3,3,3.000000,3,1,4
10,5,8,fast_downward_lmcut,True,0.540244,1,2,3,,,,,,
10,5,9,astar_manhattan,True,0.001549,3,3,9,3,4,3.333333,6,3,9
10,5,9,fast_downward_lmcut,True,0.589471,3,4,10,,,,,,
10,5,10,astar_manhattan,True,0.000869,1,1,4,3,3,3.000000,3,1,4
10,5,10,fast_downward_lmcut,True,0.549653,1,2,3,,,,,,
10,5,11,astar_manhattan,True,0.001071,1,1,4,3,3,3.000000,3,1,4
10,5,11,fast_downward_lmcut,True,0.540816,1,2,3,,,,,,
10,5,12,astar_manhattan,True,0.000791,1,1,4,3,3,3.000000,3,1,4
10,5,12,fast_downward_lmcut,True,0.577621,1,2,3,,,,,,
10,5,13,astar_manhattan,True,0.000735,1,1,4,3,3,3.000000,3,1,4
10,5,13,fast_downward_lmcut,True,0.576531,1,2,3,,,,,,
10,5,14,astar_manhattan,True,0.001830,3,3,9,3,4,3.333333,6,3,9
10,5,14,fast_downward_lmcut,True,0.551565,3,4,10,,,,,,
10,5,15,astar_manhattan,True,0.002653,3,3,9,3,4,3.333333,6,3,9
10,5,15,fast_downward_lmcut,True,0.597022,3,4,10,,,,,,
10,5,16,astar_manhattan,True,0.002835,5,5,12,3,3,3.000000,7,5,12
10,5,16,fast_downward_lmcut,True,0.650354,5,6,15,,,,,,
10,5,17,astar_manhattan,True,0.002575,5,5,13,3,4,3.200000,8,5,13
10,5,17,fast_downward_lmcut,True,0.625161,5,6,16,,,,,,
10,5,18,astar_manhattan,True,0.000352,1,1,4,3,3,3.000000,3,1,4
10,5,18,fast_downward_lmcut,True,0.555174,1,2,3,,,,,,
10,5,19,astar_manhattan,True,0.000642,1,1,4,3,3,3.000000,3,1,4
10,5,19,fast_downward_lmcut,True,0.544374,1,2,3,,,,,,
10,10,0,astar_manhattan,True,0.001324,2,2,6,3,3,3.000000,4,2,6
10,10,0,fast_downward_lmcut,True,0.572428,2,3,6,,,,,,
10,10,1,astar_manhattan,True,0.004460,8,8,23,3,4,3.625000,15,8,23
10,10,1,fast_downward_lmcut,True,0.742180,8,9,29,,,,,,
10,10,2,astar_manhattan,True,0.003960,6,6,17,3,4,3.500000,11,6,17
10,10,2,fast_downward_lmcut,True,0.663060,6,7,21,,,,,,
10,10,3,astar_manhattan,True,0.005453,6,11,24,2,4,3.090909,13,11,24
10,10,3,fast_downward_lmcut,True,0.647712,6,7,19,,,,,,
10,10,4,astar_manhattan,True,0.002199,4,4,10,3,3,3.000000,6,4,10
10,10,4,fast_downward_lmcut,True,0.586029,4,5,12,,,,,,
10,10,5,astar_manhattan,True,0.001270,2,2,7,3,4,3.500000,5,2,7
10,10,5,fast_downward_lmcut,True,0.525702,2,3,7,,,,,,
10,10,6,astar_manhattan,True,0.003572,4,4,13,3,4,3.750000,9,4,13
10,10,6,fast_downward_lmcut,True,0.635276,4,5,15,,,,,,
10,10,7,astar_manhattan,True,0.004436,6,6,19,3,4,3.833333,13,6,19
10,10,7,fast_downward_lmcut,True,0.654052,6,7,23,,,,,,
10,10,8,astar_manhattan,True,0.001713,4,4,10,3,3,3.000000,6,4,10
10,10,8,fast_downward_lmcut,True,0.592235,4,5,12,,,,,,
10,10,9,astar_manhattan,True,0.001596,2,2,7,3,4,3.500000,5,2,7
10,10,9,fast_downward_lmcut,True,0.602088,2,3,7,,,,,,
10,10,10,astar_manhattan,True,0.000290,0,0,1,0,0,0.000000,1,0,1
10,10,10,fast_downward_lmcut,False,0.500018,0,1,0,,,,,,
10,10,11,astar_manhattan,True,0.000559,2,2,6,3,3,3.000000,4,2,6
10,10,11,fast_downward_lmcut,True,0.551072,2,3,6,,,,,,
10,10,12,astar_manhattan,True,0.003044,4,4,10,2,4,3.000000,6,4,10
10,10,12,fast_downward_lmcut,True,0.593053,4,5,12,,,,,,
10,10,13,astar_manhattan,True,0.003349,6,6,14,2,4,3.000000,8,6,14
10,10,13,fast_downward_lmcut,True,0.755900,6,7,18,,,,,,
10,10,14,astar_manhattan,True,0.003285,6,8,20,2,4,3.250000,12,8,20
10,10,14,fast_downward_lmcut,True,0.722709,6,8,24,,,,,,
10,10,15,astar_manhattan,True,0.002709,4,4,12,3,4,3.500000,8,4,12
10,10,15,fast_downward_lmcut,True,0.620164,4,5,14,,,,,,
10,10,16,astar_manhattan,True,0.003391,8,8,21,3,4,3.375000,13,8,21
10,10,16,fast_downward_lmcut,True,0.747703,8,9,27,,,,,,
10,10,17,astar_manhattan,True,0.005421,8,8,22,3,4,3.500000,14,8,22
10,10,17,fast_downward_lmcut,True,0.760687,8,9,28,,,,,,
10,10,18,astar_manhattan,True,0.001390,2,2,6,3,3,3.000000,4,2,6
10,10,18,fast_downward_lmcut,True,0.576566,2,3,6,,,,,,
10,10,19,astar_manhattan,True,0.001481,2,2,7,3,4,3.500000,5,2,7
10,10,19,fast_downward_lmcut,True,0.585624,2,3,7,,,,,,
10,15,0,astar_manhattan,True,0.002597,3,3,10,3,4,3.666667,7,3,10
10,15,0,fast_downward_lmcut,True,0.598812,3,4,11,,,,,,
10,15,1,astar_manhattan,True,0.003143,7,7,21,3,4,3.714286,14,7,21
10,15,1,fast_downward_lmcut,True,0.741599,7,8,26,,,,,,
10,15,2,astar_manhattan,True,0.004873,9,9,26,3,4,3.666667,17,9,26
10,15,2,fast_downward_lmcut,True,0.839899,9,10,33,,,,,,
10,15,3,astar_manhattan,True,0.009424,11,26,55,2,4,3.076923,29,26,55
10,15,3,fast_downward_lmcut,True,0.879554,11,17,52,,,,,,
10,15,4,astar_manhattan,True,0.003185,5,5,14,3,4,3.400000,9,5,14
10,15,4,fast_downward_lmcut,True,0.703804,5,6,17,,,,,,
10,15,5,astar_manhattan,True,0.000869,1,1,4,3,3,3.000000,3,1,4
10,15,5,fast_downward_lmcut,True,0.517326,1,2,3,,,,,,
10,15,6,astar_manhattan,True,0.001230,3,3,10,3,4,3.666667,7,3,10
10,15,6,fast_downward_lmcut,True,0.586443,3,4,11,,,,,,
10,15,7,astar_manhattan,True,0.007999,11,11,32,3,4,3.727273,21,11,32
10,15,7,fast_downward_lmcut,True,0.992940,11,12,41,,,,,,
10,15,8,astar_manhattan,True,0.001933,5,5,13,3,4,3.200000,8,5,13
10,15,8,fast_downward_lmcut,True,0.662291,5,6,16,,,,,,
10,15,9,astar_manhattan,True,0.006453,7,10,28,2,4,3.600000,18,10,28
10,15,9,fast_downward_lmcut,True,0.741301,7,8,27,,,,,,
10,15,10,astar_manhattan,True,0.000592,1,1,4,3,3,3.000000,3,1,4
10,15,10,fast_downward_lmcut,True,0.532355,1,2,3,,,,,,
10,15,11,astar_manhattan,True,0.001032,1,1,4,3,3,3.000000,3,1,4
10,15,11,fast_downward_lmcut,True,0.561806,1,2,3,,,,,,
10,15,12,astar_manhattan,True,0.001307,3,3,9,3,4,3.333333,6,3,9
10,15,12,fast_downward_lmcut,True,0.573002,3,4,10,,,,,,
10,15,13,astar_manhattan,True,0.010629,9,16,37,2,4,3.187500,21,16,37
10,15,13,fast_downward_lmcut,True,0.763454,9,12,34,,,,,,
10,15,14,astar_manhattan,True,0.005635,7,10,24,2,4,3.200000,14,10,24
10,15,14,fast_downward_lmcut,True,0.739642,7,9,27,,,,,,
10,15,15,astar_manhattan,True,0.001808,5,5,15,3,4,3.600000,10,5,15
10,15,15,fast_downward_lmcut,True,0.618526,5,6,18,,,,,,
10,15,16,astar_manhattan,True,0.004028,7,7,18,3,4,3.285714,11,7,18
10,15,16,fast_downward_lmcut,True,0.704309,7,8,23,,,,,,
10,15,17,astar_manhattan,True,0.006793,9,14,34,2,4,3.285714,20,14,34
10,15,17,fast_downward_lmcut,True,1.021396,9,10,32,,,,,,
10,15,18,astar_manhattan,True,0.001218,1,1,4,3,3,3.000000,3,1,4
10,15,18,fast_downward_lmcut,True,0.548729,1,2,3,,,,,,
10,15,19,astar_manhattan,True,0.004024,5,5,16,3,4,3.800000,11,5,16
10,15,19,fast_downward_lmcut,True,0.641430,5,6,19,,,,,,
